"","WorkerId","Female","Male","AmericanIndian","Asian","Black","NativeHawaiian","White","Hispanic","Latino","LessThanHighSchool","HighSchoolDiploma","AssociateDegree","BachelorsDegree","Masters","Doctorate","LessThan30","X31to40","X41to50","X51to60","X61to70","GreaterThan70","neverEng_Spn","rareEng_Spn","halfEng_Spn","mostEng_Spn","onlyEng_Spn","Reward","Difficulty","InputParagraphName","WordsInMain","WordsInTitle","WorkTimeInSeconds","ConclusionResults","Q1_Results","Q2_Results","Q3_Results","PerceivedDiffScore"
"1","A10H1H4FU0S098",0,1,0,0,0,0,1,1,0,0,0,1,0,0,0,0,1,0,0,0,0,0,0,0,1,0,"increased","simplified","D223Hipertension.txt",67,11,537,0,1,1,1,0.25
"2","A10H1H4FU0S098",0,1,0,0,0,0,1,1,0,0,0,1,0,0,0,0,1,0,0,0,0,0,0,0,1,0,"increased","simplified","d250Hipertension.txt",73,7,379,1,1,1,1,0.5
"3","A10H1H4FU0S098",0,1,0,0,0,0,1,1,0,0,0,1,0,0,0,0,1,0,0,0,0,0,0,0,1,0,"increased","simplified","d249Hipertension.txt",72,12,745,1,1,1,1,0.75
"4","A10H1H4FU0S098",0,1,0,0,0,0,1,1,0,0,0,1,0,0,0,0,1,0,0,0,0,0,0,0,1,0,"increased","simplified","d245Hipertension.txt",90,10,285,1,1,1,1,0.5
"5","A10H1H4FU0S098",0,1,0,0,0,0,1,1,0,0,0,1,0,0,0,0,1,0,0,0,0,0,0,0,1,0,"increased","simplified","d45Asma.txt",100,6,306,1,1,1,1,0.75
"6","A10H1H4FU0S098",0,1,0,0,0,0,1,1,0,0,0,1,0,0,0,0,1,0,0,0,0,0,0,0,1,0,"increased","simplified","d47Diabetes.txt",58,11,373,1,1,1,0,0.75
"7","A10H1H4FU0S098",0,1,0,0,0,0,1,1,0,0,0,1,0,0,0,0,1,0,0,0,0,0,0,0,1,0,"increased","simplified","d335Leucemia.txt",104,11,751,1,1,1,1,0.25
"8","A10H1H4FU0S098",0,1,0,0,0,0,1,1,0,0,0,1,0,0,0,0,1,0,0,0,0,0,0,0,1,0,"increased","simplified","d144Cancer.txt",77,10,597,1,1,1,0,0.5
"9","A10H1H4FU0S098",0,1,0,0,0,0,1,1,0,0,0,1,0,0,0,0,1,0,0,0,0,0,0,0,1,0,"increased","simplified","d174Hepatitis.txt",109,10,626,1,1,1,1,0.25
"10","A10H1H4FU0S098",0,1,0,0,0,0,1,1,0,0,0,1,0,0,0,0,1,0,0,0,0,0,0,0,1,0,"increased","simplified","D88Diabetes.txt",102,9,474,1,1,0,1,0.25
"11","A10H1H4FU0S098",0,1,0,0,0,0,1,1,0,0,0,1,0,0,0,0,1,0,0,0,0,0,0,0,1,0,"increased","simplified","d276Influenza.txt",139,18,183,1,1,1,1,0.25
"12","A10H1H4FU0S098",0,1,0,0,0,0,1,1,0,0,0,1,0,0,0,0,1,0,0,0,0,0,0,0,1,0,"increased","simplified","d328Leucemia.txt",133,9,811,1,1,1,1,0.25
"13","A10H1H4FU0S098",0,1,0,0,0,0,1,1,0,0,0,1,0,0,0,0,1,0,0,0,0,0,0,0,1,0,"increased","simplified","d243Hipertension.txt",96,10,385,1,1,1,1,0.75
"14","A14XVQNH3RE8WK",0,1,0,0,0,0,1,1,0,0,0,1,0,0,0,0,1,0,0,0,0,0,1,0,0,0,"increased","simplified","d45Asma.txt",100,18,433,1,0,0,0,0.5
"15","A14XVQNH3RE8WK",0,1,0,0,0,0,1,1,0,0,0,1,0,0,0,0,1,0,0,0,0,0,1,0,0,0,"increased","simplified","d144Cancer.txt",77,11,321,0,1,0,1,0.5
"16","A1A24E45C01T5N",1,0,0,0,0,0,1,0,1,0,0,0,0,1,0,0,1,0,0,0,0,0,0,1,0,0,"increased","simplified","d335Leucemia.txt",104,9,821,1,1,0,0,0.25
"17","A1D9OQR2K6AMNJ",0,1,0,0,0,0,1,1,0,0,0,0,1,0,0,0,0,1,0,0,0,0,0,1,0,0,"regular","original","d328Leucemia.txt",134,6,255,0,1,1,1,NA
"18","A1D9OQR2K6AMNJ",0,1,0,0,0,0,1,1,0,0,0,0,1,0,0,0,0,1,0,0,0,0,0,1,0,0,"regular","original","d249Hipertension.txt",72,7,368,0,1,1,1,0.25
"19","A1D9OQR2K6AMNJ",0,1,0,0,0,0,1,1,0,0,0,0,1,0,0,0,0,1,0,0,0,0,0,1,0,0,"regular","original","d47Diabetes.txt",57,11,174,1,0,0,0,0.75
"20","A1D9OQR2K6AMNJ",0,1,0,0,0,0,1,1,0,0,0,0,1,0,0,0,0,1,0,0,0,0,0,1,0,0,"increased","simplified","d133Cancer.txt",142,6,85,0,0,0,0,0.25
"21","A1D9OQR2K6AMNJ",0,1,0,0,0,0,1,1,0,0,0,0,1,0,0,0,0,1,0,0,0,0,0,1,0,0,"increased","simplified","d276Influenza.txt",139,9,222,1,0,1,1,0.5
"22","A1D9OQR2K6AMNJ",0,1,0,0,0,0,1,1,0,0,0,0,1,0,0,0,0,1,0,0,0,0,0,1,0,0,"increased","simplified","d328Leucemia.txt",133,9,266,1,0,1,1,0.25
"23","A1D9OQR2K6AMNJ",0,1,0,0,0,0,1,1,0,0,0,0,1,0,0,0,0,1,0,0,0,0,0,1,0,0,"regular","original","d174Hepatitis.txt",109,7,515,0,0,0,0,0
"24","A1D9OQR2K6AMNJ",0,1,0,0,0,0,1,1,0,0,0,0,1,0,0,0,0,1,0,0,0,0,0,1,0,0,"regular","original","d250Hipertension.txt",73,3,123,0,1,1,1,0.25
"25","A1OM0BW883BZ0T",1,0,0,0,0,0,1,1,0,0,0,1,0,0,0,0,1,0,0,0,0,0,0,0,1,0,"increased","simplified","d133Cancer.txt",142,9,541,0,0,0,0,0.75
"26","A1PZ60O2QMD3B8",1,0,0,0,1,0,0,0,1,0,0,1,0,0,0,0,0,1,0,0,0,0,0,1,0,0,"regular","original","d243Hipertension.txt",96,6,358,1,1,1,1,0.5
"27","A1PZ60O2QMD3B8",1,0,0,0,1,0,0,0,1,0,0,1,0,0,0,0,0,1,0,0,0,0,0,1,0,0,"regular","original","d249Hipertension.txt",72,7,278,1,1,1,1,0.5
"28","A1Q8YQDAOSIQD0",1,0,0,0,0,0,1,1,0,0,0,0,0,1,0,0,0,1,0,0,0,0,0,1,0,0,"increased","simplified","d328Leucemia.txt",133,10,530,1,1,1,1,0.25
"29","A1Q8YQDAOSIQD0",1,0,0,0,0,0,1,1,0,0,0,0,0,1,0,0,0,1,0,0,0,0,0,1,0,0,"increased","simplified","d228Hipertension.txt",132,7,295,1,1,1,1,0.75
"30","A1Q8YQDAOSIQD0",1,0,0,0,0,0,1,1,0,0,0,0,0,1,0,0,0,1,0,0,0,0,0,1,0,0,"increased","simplified","d174Hepatitis.txt",109,7,532,1,1,0,1,0.25
"31","A1Q8YQDAOSIQD0",1,0,0,0,0,0,1,1,0,0,0,0,0,1,0,0,0,1,0,0,0,0,0,1,0,0,"increased","simplified","d249Hipertension.txt",72,8,311,0,1,1,1,0.5
"32","A1Q8YQDAOSIQD0",1,0,0,0,0,0,1,1,0,0,0,0,0,1,0,0,0,1,0,0,0,0,0,1,0,0,"increased","simplified","d276Influenza.txt",139,10,428,1,1,0,1,0.75
"33","A1Q8YQDAOSIQD0",1,0,0,0,0,0,1,1,0,0,0,0,0,1,0,0,0,1,0,0,0,0,0,1,0,0,"increased","simplified","d133Cancer.txt",142,11,217,0,1,0,0,0.75
"34","A1Q8YQDAOSIQD0",1,0,0,0,0,0,1,1,0,0,0,0,0,1,0,0,0,1,0,0,0,0,0,1,0,0,"increased","simplified","d243Hipertension.txt",96,7,26,1,1,0,1,0.75
"35","A1Q8YQDAOSIQD0",1,0,0,0,0,0,1,1,0,0,0,0,0,1,0,0,0,1,0,0,0,0,0,1,0,0,"increased","simplified","D88Diabetes.txt",102,7,505,1,1,1,0,0.75
"36","A1Q8YQDAOSIQD0",1,0,0,0,0,0,1,1,0,0,0,0,0,1,0,0,0,1,0,0,0,0,0,1,0,0,"increased","simplified","D223Hipertension.txt",67,6,328,0,1,1,1,0.5
"37","A1S39JOVN3YNEV",1,0,0,0,0,0,1,1,0,0,1,0,0,0,0,1,0,0,0,0,0,0,0,0,1,0,"regular","original","d228Hipertension.txt",131,5,331,1,1,1,0,0.75
"38","A1SOSULQ616NKM",0,1,1,0,0,0,0,1,0,0,1,0,0,0,0,0,0,1,0,0,0,0,0,0,1,0,"regular","original","d328Leucemia.txt",134,9,251,1,1,1,1,1
"39","A1SOSULQ616NKM",0,1,1,0,0,0,0,1,0,0,1,0,0,0,0,0,0,1,0,0,0,0,0,0,1,0,"regular","original","d276Influenza.txt",141,6,244,1,0,0,1,1
"40","A1SOSULQ616NKM",0,1,1,0,0,0,0,1,0,0,1,0,0,0,0,0,0,1,0,0,0,0,0,0,1,0,"regular","original","d144Cancer.txt",77,14,244,1,1,1,1,1
"41","A1SOSULQ616NKM",0,1,1,0,0,0,0,1,0,0,1,0,0,0,0,0,0,1,0,0,0,0,0,0,1,0,"regular","original","d47Diabetes.txt",57,14,149,1,1,1,1,1
"42","A1SOSULQ616NKM",0,1,1,0,0,0,0,1,0,0,1,0,0,0,0,0,0,1,0,0,0,0,0,0,1,0,"regular","original","d228Hipertension.txt",131,8,202,1,1,1,1,1
"43","A1SOSULQ616NKM",0,1,1,0,0,0,0,1,0,0,1,0,0,0,0,0,0,1,0,0,0,0,0,0,1,0,"regular","original","d245Hipertension.txt",90,7,211,1,0,1,1,1
"44","A1SOSULQ616NKM",0,1,1,0,0,0,0,1,0,0,1,0,0,0,0,0,0,1,0,0,0,0,0,0,1,0,"regular","original","D88Diabetes.txt",102,8,73,0,1,1,1,1
"45","A1SOSULQ616NKM",0,1,1,0,0,0,0,1,0,0,1,0,0,0,0,0,0,1,0,0,0,0,0,0,1,0,"regular","original","D223Hipertension.txt",67,11,525,1,1,1,1,1
"46","A1SOSULQ616NKM",0,1,1,0,0,0,0,1,0,0,1,0,0,0,0,0,0,1,0,0,0,0,0,0,1,0,"regular","original","d133Cancer.txt",141,11,404,0,1,1,0,0.75
"47","A1SOSULQ616NKM",0,1,1,0,0,0,0,1,0,0,1,0,0,0,0,0,0,1,0,0,0,0,0,0,1,0,"regular","original","d45Asma.txt",99,17,221,1,1,1,1,1
"48","A1SOSULQ616NKM",0,1,1,0,0,0,0,1,0,0,1,0,0,0,0,0,0,1,0,0,0,0,0,0,1,0,"regular","original","d174Hepatitis.txt",109,6,220,1,1,1,1,1
"49","A1SOSULQ616NKM",0,1,1,0,0,0,0,1,0,0,1,0,0,0,0,0,0,1,0,0,0,0,0,0,1,0,"regular","original","d250Hipertension.txt",73,9,294,1,1,1,1,0.75
"50","A1SOSULQ616NKM",0,1,1,0,0,0,0,1,0,0,1,0,0,0,0,0,0,1,0,0,0,0,0,0,1,0,"regular","original","d335Leucemia.txt",104,13,263,1,1,1,1,1
"51","A1SOSULQ616NKM",0,1,1,0,0,0,0,1,0,0,1,0,0,0,0,0,0,1,0,0,0,0,0,0,1,0,"regular","original","d243Hipertension.txt",96,6,200,1,1,1,1,1
"52","A1SOSULQ616NKM",0,1,1,0,0,0,0,1,0,0,1,0,0,0,0,0,0,1,0,0,0,0,0,0,1,0,"regular","original","d249Hipertension.txt",72,8,239,1,1,1,1,1
"53","A21I1WYAFKXBC6",1,0,0,0,0,1,0,1,0,0,0,1,0,0,0,0,0,1,0,0,0,0,0,0,0,1,"increased","simplified","d228Hipertension.txt",132,6,220,1,1,1,0,0.75
"54","A21I1WYAFKXBC6",1,0,0,0,0,1,0,1,0,0,0,1,0,0,0,0,0,1,0,0,0,0,0,0,0,1,"increased","simplified","d133Cancer.txt",142,7,271,1,0,0,1,1
"55","A21I1WYAFKXBC6",1,0,0,0,0,1,0,1,0,0,0,1,0,0,0,0,0,1,0,0,0,0,0,0,0,1,"increased","simplified","d174Hepatitis.txt",109,5,70,1,1,1,0,0.25
"56","A21I1WYAFKXBC6",1,0,0,0,0,1,0,1,0,0,0,1,0,0,0,0,0,1,0,0,0,0,0,0,0,1,"increased","simplified","d276Influenza.txt",139,3,220,1,1,1,1,0.75
"57","A21I1WYAFKXBC6",1,0,0,0,0,1,0,1,0,0,0,1,0,0,0,0,0,1,0,0,0,0,0,0,0,1,"increased","simplified","d328Leucemia.txt",133,8,290,1,1,0,1,0.25
"58","A21I1WYAFKXBC6",1,0,0,0,0,1,0,1,0,0,0,1,0,0,0,0,0,1,0,0,0,0,0,0,0,1,"increased","simplified","D88Diabetes.txt",102,3,214,0,0,0,1,0.75
"59","A22Y2PTD9TFWAR",1,0,0,0,1,0,0,1,0,0,0,0,1,0,0,0,0,1,0,0,0,0,0,1,0,0,"regular","original","d133Cancer.txt",141,10,69,1,1,1,0,0.5
"60","A22Y2PTD9TFWAR",1,0,0,0,1,0,0,1,0,0,0,0,1,0,0,0,0,1,0,0,0,0,0,1,0,0,"increased","simplified","d228Hipertension.txt",132,13,218,1,1,1,1,0.5
"61","A22Y2PTD9TFWAR",1,0,0,0,1,0,0,1,0,0,0,0,1,0,0,0,0,1,0,0,0,0,0,1,0,0,"regular","original","D88Diabetes.txt",102,8,22,0,1,0,1,0.25
"62","A22Y2PTD9TFWAR",1,0,0,0,1,0,0,1,0,0,0,0,1,0,0,0,0,1,0,0,0,0,0,1,0,0,"increased","simplified","d245Hipertension.txt",90,7,343,1,1,1,1,0.5
"63","A22Y2PTD9TFWAR",1,0,0,0,1,0,0,1,0,0,0,0,1,0,0,0,0,1,0,0,0,0,0,1,0,0,"increased","simplified","d249Hipertension.txt",72,9,572,1,1,1,1,0.5
"64","A22Y2PTD9TFWAR",1,0,0,0,1,0,0,1,0,0,0,0,1,0,0,0,0,1,0,0,0,0,0,1,0,0,"regular","original","d250Hipertension.txt",73,5,19,1,1,1,0,0.5
"65","A22Y2PTD9TFWAR",1,0,0,0,1,0,0,1,0,0,0,0,1,0,0,0,0,1,0,0,0,0,0,1,0,0,"regular","original","d45Asma.txt",99,6,80,1,1,1,1,0.5
"66","A22Y2PTD9TFWAR",1,0,0,0,1,0,0,1,0,0,0,0,1,0,0,0,0,1,0,0,0,0,0,1,0,0,"increased","simplified","d250Hipertension.txt",73,5,408,1,1,1,0,0
"67","A22Y2PTD9TFWAR",1,0,0,0,1,0,0,1,0,0,0,0,1,0,0,0,0,1,0,0,0,0,0,1,0,0,"regular","original","d249Hipertension.txt",72,10,37,1,1,1,0,0.25
"68","A22Y2PTD9TFWAR",1,0,0,0,1,0,0,1,0,0,0,0,1,0,0,0,0,1,0,0,0,0,0,1,0,0,"increased","simplified","d144Cancer.txt",77,8,272,1,1,1,0,0.5
"69","A22Y2PTD9TFWAR",1,0,0,0,1,0,0,1,0,0,0,0,1,0,0,0,0,1,0,0,0,0,0,1,0,0,"increased","simplified","d276Influenza.txt",139,8,100,1,0,0,0,0.25
"70","A22Y2PTD9TFWAR",1,0,0,0,1,0,0,1,0,0,0,0,1,0,0,0,0,1,0,0,0,0,0,1,0,0,"regular","original","d47Diabetes.txt",57,11,17,1,0,0,1,0.75
"71","A22Y2PTD9TFWAR",1,0,0,0,1,0,0,1,0,0,0,0,1,0,0,0,0,1,0,0,0,0,0,1,0,0,"regular","original","d245Hipertension.txt",90,9,22,1,1,1,1,0.75
"72","A22Y2PTD9TFWAR",1,0,0,0,1,0,0,1,0,0,0,0,1,0,0,0,0,1,0,0,0,0,0,1,0,0,"increased","simplified","d47Diabetes.txt",58,13,531,1,0,0,1,0.5
"73","A22Y2PTD9TFWAR",1,0,0,0,1,0,0,1,0,0,0,0,1,0,0,0,0,1,0,0,0,0,0,1,0,0,"regular","original","d144Cancer.txt",77,7,79,0,1,0,0,0.75
"74","A22Y2PTD9TFWAR",1,0,0,0,1,0,0,1,0,0,0,0,1,0,0,0,0,1,0,0,0,0,0,1,0,0,"increased","simplified","d174Hepatitis.txt",109,7,423,1,0,1,1,0
"75","A22Y2PTD9TFWAR",1,0,0,0,1,0,0,1,0,0,0,0,1,0,0,0,0,1,0,0,0,0,0,1,0,0,"increased","simplified","d45Asma.txt",100,12,158,1,1,1,1,0.5
"76","A22Y2PTD9TFWAR",1,0,0,0,1,0,0,1,0,0,0,0,1,0,0,0,0,1,0,0,0,0,0,1,0,0,"regular","original","d243Hipertension.txt",96,6,17,1,1,0,0,0.5
"77","A22Y2PTD9TFWAR",1,0,0,0,1,0,0,1,0,0,0,0,1,0,0,0,0,1,0,0,0,0,0,1,0,0,"regular","original","d174Hepatitis.txt",109,6,298,1,1,0,0,0.25
"78","A22Y2PTD9TFWAR",1,0,0,0,1,0,0,1,0,0,0,0,1,0,0,0,0,1,0,0,0,0,0,1,0,0,"increased","simplified","d328Leucemia.txt",133,13,438,1,0,1,1,0.25
"79","A22Y2PTD9TFWAR",1,0,0,0,1,0,0,1,0,0,0,0,1,0,0,0,0,1,0,0,0,0,0,1,0,0,"regular","original","d228Hipertension.txt",131,10,224,1,1,1,0,0.5
"80","A22Y2PTD9TFWAR",1,0,0,0,1,0,0,1,0,0,0,0,1,0,0,0,0,1,0,0,0,0,0,1,0,0,"increased","simplified","d243Hipertension.txt",96,5,290,1,1,0,1,0.25
"81","A22Y2PTD9TFWAR",1,0,0,0,1,0,0,1,0,0,0,0,1,0,0,0,0,1,0,0,0,0,0,1,0,0,"increased","simplified","d133Cancer.txt",142,10,213,1,1,0,1,0.5
"82","A266SWAZYSJ0XD",1,0,0,0,1,0,0,1,0,0,0,1,0,0,0,1,0,0,0,0,0,0,0,0,1,0,"increased","simplified","d133Cancer.txt",142,9,427,0,1,0,0,0.25
"83","A266SWAZYSJ0XD",1,0,0,0,1,0,0,1,0,0,0,1,0,0,0,1,0,0,0,0,0,0,0,0,1,0,"increased","simplified","d328Leucemia.txt",133,9,838,1,1,0,1,0
"84","A266SWAZYSJ0XD",1,0,0,0,1,0,0,1,0,0,0,1,0,0,0,1,0,0,0,0,0,0,0,0,1,0,"increased","simplified","d228Hipertension.txt",132,3,178,1,1,1,0,0.75
"85","A266SWAZYSJ0XD",1,0,0,0,1,0,0,1,0,0,0,1,0,0,0,1,0,0,0,0,0,0,0,0,1,0,"increased","simplified","d276Influenza.txt",139,6,515,0,1,1,1,0
"86","A266SWAZYSJ0XD",1,0,0,0,1,0,0,1,0,0,0,1,0,0,0,1,0,0,0,0,0,0,0,0,1,0,"increased","simplified","d144Cancer.txt",77,6,362,1,1,1,0,0.25
"87","A266SWAZYSJ0XD",1,0,0,0,1,0,0,1,0,0,0,1,0,0,0,1,0,0,0,0,0,0,0,0,1,0,"increased","simplified","d250Hipertension.txt",73,3,137,1,1,1,0,0.75
"88","A266SWAZYSJ0XD",1,0,0,0,1,0,0,1,0,0,0,1,0,0,0,1,0,0,0,0,0,0,0,0,1,0,"increased","simplified","d249Hipertension.txt",72,7,529,1,1,1,1,0.75
"89","A266SWAZYSJ0XD",1,0,0,0,1,0,0,1,0,0,0,1,0,0,0,1,0,0,0,0,0,0,0,0,1,0,"increased","simplified","d47Diabetes.txt",58,2,289,1,1,1,1,1
"90","A266SWAZYSJ0XD",1,0,0,0,1,0,0,1,0,0,0,1,0,0,0,1,0,0,0,0,0,0,0,0,1,0,"increased","simplified","d174Hepatitis.txt",109,8,291,1,1,0,0,0.25
"91","A266SWAZYSJ0XD",1,0,0,0,1,0,0,1,0,0,0,1,0,0,0,1,0,0,0,0,0,0,0,0,1,0,"increased","simplified","d243Hipertension.txt",96,7,46,1,1,1,0,0.25
"92","A266SWAZYSJ0XD",1,0,0,0,1,0,0,1,0,0,0,1,0,0,0,1,0,0,0,0,0,0,0,0,1,0,"increased","simplified","d45Asma.txt",100,9,297,1,1,1,1,0.25
"93","A266SWAZYSJ0XD",1,0,0,0,1,0,0,1,0,0,0,1,0,0,0,1,0,0,0,0,0,0,0,0,1,0,"increased","simplified","D88Diabetes.txt",102,7,440,1,1,0,1,0.25
"94","A266SWAZYSJ0XD",1,0,0,0,1,0,0,1,0,0,0,1,0,0,0,1,0,0,0,0,0,0,0,0,1,0,"increased","simplified","D223Hipertension.txt",67,8,475,1,1,1,0,0.25
"95","A27L4NCQ8DVXEU",0,1,0,0,0,0,1,0,1,0,1,0,0,0,0,1,0,0,0,0,0,0,0,1,0,0,"increased","simplified","d47Diabetes.txt",58,4,173,1,1,1,1,0.75
"96","A27L4NCQ8DVXEU",0,1,0,0,0,0,1,0,1,0,1,0,0,0,0,1,0,0,0,0,0,0,0,1,0,0,"regular","original","d276Influenza.txt",141,9,608,1,1,0,1,0.75
"97","A27L4NCQ8DVXEU",0,1,0,0,0,0,1,0,1,0,1,0,0,0,0,1,0,0,0,0,0,0,0,1,0,0,"increased","simplified","d335Leucemia.txt",104,6,334,0,1,1,0,0.75
"98","A27L4NCQ8DVXEU",0,1,0,0,0,0,1,0,1,0,1,0,0,0,0,1,0,0,0,0,0,0,0,1,0,0,"increased","simplified","d245Hipertension.txt",90,7,383,1,1,1,1,0.5
"99","A27L4NCQ8DVXEU",0,1,0,0,0,0,1,0,1,0,1,0,0,0,0,1,0,0,0,0,0,0,0,1,0,0,"regular","original","d335Leucemia.txt",104,6,485,0,1,1,1,0.75
"100","A27L4NCQ8DVXEU",0,1,0,0,0,0,1,0,1,0,1,0,0,0,0,1,0,0,0,0,0,0,0,1,0,0,"increased","simplified","D223Hipertension.txt",67,5,268,0,0,1,1,0.5
"101","A27L4NCQ8DVXEU",0,1,0,0,0,0,1,0,1,0,1,0,0,0,0,1,0,0,0,0,0,0,0,1,0,0,"regular","original","d228Hipertension.txt",131,7,208,1,1,1,1,0.75
"102","A27L4NCQ8DVXEU",0,1,0,0,0,0,1,0,1,0,1,0,0,0,0,1,0,0,0,0,0,0,0,1,0,0,"regular","original","d47Diabetes.txt",57,7,182,1,1,1,1,0.75
"103","A2BEHMKDHK1Z6D",1,0,0,0,0,0,1,1,0,0,0,1,0,0,0,0,1,0,0,0,0,0,0,0,0,1,"regular","original","d47Diabetes.txt",57,11,278,1,0,1,1,1
"104","A2BEHMKDHK1Z6D",1,0,0,0,0,0,1,1,0,0,0,1,0,0,0,0,1,0,0,0,0,0,0,0,0,1,"regular","original","D223Hipertension.txt",67,6,169,0,1,1,1,0.5
"105","A2BEHMKDHK1Z6D",1,0,0,0,0,0,1,1,0,0,0,1,0,0,0,0,1,0,0,0,0,0,0,0,0,1,"regular","original","d249Hipertension.txt",72,10,440,0,0,1,0,0.75
"106","A2BEHMKDHK1Z6D",1,0,0,0,0,0,1,1,0,0,0,1,0,0,0,0,1,0,0,0,0,0,0,0,0,1,"regular","original","d144Cancer.txt",77,8,67,1,1,1,1,1
"107","A2BEHMKDHK1Z6D",1,0,0,0,0,0,1,1,0,0,0,1,0,0,0,0,1,0,0,0,0,0,0,0,0,1,"regular","original","d228Hipertension.txt",131,4,78,1,1,1,1,0.75
"108","A2BEHMKDHK1Z6D",1,0,0,0,0,0,1,1,0,0,0,1,0,0,0,0,1,0,0,0,0,0,0,0,0,1,"regular","original","d245Hipertension.txt",90,8,562,1,1,1,1,1
"109","A2BEHMKDHK1Z6D",1,0,0,0,0,0,1,1,0,0,0,1,0,0,0,0,1,0,0,0,0,0,0,0,0,1,"regular","original","d250Hipertension.txt",73,5,191,1,1,1,1,0.75
"110","A2BEHMKDHK1Z6D",1,0,0,0,0,0,1,1,0,0,0,1,0,0,0,0,1,0,0,0,0,0,0,0,0,1,"regular","original","d335Leucemia.txt",104,5,488,1,1,0,1,0.75
"111","A2BEHMKDHK1Z6D",1,0,0,0,0,0,1,1,0,0,0,1,0,0,0,0,1,0,0,0,0,0,0,0,0,1,"regular","original","d174Hepatitis.txt",109,5,539,1,1,0,1,0.25
"112","A2BEHMKDHK1Z6D",1,0,0,0,0,0,1,1,0,0,0,1,0,0,0,0,1,0,0,0,0,0,0,0,0,1,"regular","original","d243Hipertension.txt",96,6,305,1,1,0,1,1
"113","A2BEHMKDHK1Z6D",1,0,0,0,0,0,1,1,0,0,0,1,0,0,0,0,1,0,0,0,0,0,0,0,0,1,"regular","original","d45Asma.txt",99,5,193,1,1,1,1,0.75
"114","A2EAN17FAA9AQF",1,0,0,0,0,0,1,0,1,0,1,0,0,0,0,1,0,0,0,0,0,0,1,0,0,0,"increased","simplified","d250Hipertension.txt",73,6,274,0,1,0,1,1
"115","A2EAN17FAA9AQF",1,0,0,0,0,0,1,0,1,0,1,0,0,0,0,1,0,0,0,0,0,0,1,0,0,0,"regular","original","d144Cancer.txt",77,7,173,0,0,0,1,1
"116","A2EAN17FAA9AQF",1,0,0,0,0,0,1,0,1,0,1,0,0,0,0,1,0,0,0,0,0,0,1,0,0,0,"regular","original","d335Leucemia.txt",104,5,388,0,0,1,0,0.75
"117","A2EAN17FAA9AQF",1,0,0,0,0,0,1,0,1,0,1,0,0,0,0,1,0,0,0,0,0,0,1,0,0,0,"regular","original","d245Hipertension.txt",90,4,220,1,0,0,1,0.75
"118","A2EAN17FAA9AQF",1,0,0,0,0,0,1,0,1,0,1,0,0,0,0,1,0,0,0,0,0,0,1,0,0,0,"increased","simplified","d174Hepatitis.txt",109,6,248,1,1,0,1,0.25
"119","A2EAN17FAA9AQF",1,0,0,0,0,0,1,0,1,0,1,0,0,0,0,1,0,0,0,0,0,0,1,0,0,0,"regular","original","d133Cancer.txt",141,4,197,0,0,0,1,1
"120","A2EAN17FAA9AQF",1,0,0,0,0,0,1,0,1,0,1,0,0,0,0,1,0,0,0,0,0,0,1,0,0,0,"regular","original","d249Hipertension.txt",72,10,162,0,1,0,1,0.75
"121","A2EAN17FAA9AQF",1,0,0,0,0,0,1,0,1,0,1,0,0,0,0,1,0,0,0,0,0,0,1,0,0,0,"increased","simplified","d335Leucemia.txt",104,4,158,0,0,0,1,0.75
"122","A2EAN17FAA9AQF",1,0,0,0,0,0,1,0,1,0,1,0,0,0,0,1,0,0,0,0,0,0,1,0,0,0,"increased","simplified","D88Diabetes.txt",102,4,192,0,0,1,1,0.75
"123","A2EAN17FAA9AQF",1,0,0,0,0,0,1,0,1,0,1,0,0,0,0,1,0,0,0,0,0,0,1,0,0,0,"regular","original","d276Influenza.txt",141,6,236,0,0,0,1,0.75
"124","A2EAN17FAA9AQF",1,0,0,0,0,0,1,0,1,0,1,0,0,0,0,1,0,0,0,0,0,0,1,0,0,0,"increased","simplified","d245Hipertension.txt",90,7,183,0,1,0,1,0.75
"125","A2EAN17FAA9AQF",1,0,0,0,0,0,1,0,1,0,1,0,0,0,0,1,0,0,0,0,0,0,1,0,0,0,"increased","simplified","d133Cancer.txt",142,7,528,0,0,0,0,0.25
"126","A2EAN17FAA9AQF",1,0,0,0,0,0,1,0,1,0,1,0,0,0,0,1,0,0,0,0,0,0,1,0,0,0,"regular","original","d250Hipertension.txt",73,4,146,0,1,0,1,0.5
"127","A2EAN17FAA9AQF",1,0,0,0,0,0,1,0,1,0,1,0,0,0,0,1,0,0,0,0,0,0,1,0,0,0,"increased","simplified","d45Asma.txt",100,6,140,0,1,1,1,0.75
"128","A2EAN17FAA9AQF",1,0,0,0,0,0,1,0,1,0,1,0,0,0,0,1,0,0,0,0,0,0,1,0,0,0,"regular","original","d174Hepatitis.txt",109,7,375,0,1,0,0,0.5
"129","A2EAN17FAA9AQF",1,0,0,0,0,0,1,0,1,0,1,0,0,0,0,1,0,0,0,0,0,0,1,0,0,0,"increased","simplified","d243Hipertension.txt",96,6,159,1,1,1,1,0.75
"130","A2EAN17FAA9AQF",1,0,0,0,0,0,1,0,1,0,1,0,0,0,0,1,0,0,0,0,0,0,1,0,0,0,"increased","simplified","d276Influenza.txt",139,7,246,0,0,1,0,0.5
"131","A2EAN17FAA9AQF",1,0,0,0,0,0,1,0,1,0,1,0,0,0,0,1,0,0,0,0,0,0,1,0,0,0,"increased","simplified","d249Hipertension.txt",72,7,191,0,0,1,1,1
"132","A2EAN17FAA9AQF",1,0,0,0,0,0,1,0,1,0,1,0,0,0,0,1,0,0,0,0,0,0,1,0,0,0,"increased","simplified","d328Leucemia.txt",133,6,209,1,1,0,0,0.75
"133","A2EAN17FAA9AQF",1,0,0,0,0,0,1,0,1,0,1,0,0,0,0,1,0,0,0,0,0,0,1,0,0,0,"increased","simplified","d144Cancer.txt",77,8,137,1,1,0,1,1
"134","A2EAN17FAA9AQF",1,0,0,0,0,0,1,0,1,0,1,0,0,0,0,1,0,0,0,0,0,0,1,0,0,0,"increased","simplified","d228Hipertension.txt",132,8,301,0,1,0,0,0.25
"135","A2EAN17FAA9AQF",1,0,0,0,0,0,1,0,1,0,1,0,0,0,0,1,0,0,0,0,0,0,1,0,0,0,"increased","simplified","D223Hipertension.txt",67,7,200,0,0,1,0,0.5
"136","A2EAN17FAA9AQF",1,0,0,0,0,0,1,0,1,0,1,0,0,0,0,1,0,0,0,0,0,0,1,0,0,0,"regular","original","d47Diabetes.txt",57,5,286,1,0,1,1,0.75
"137","A2EAN17FAA9AQF",1,0,0,0,0,0,1,0,1,0,1,0,0,0,0,1,0,0,0,0,0,0,1,0,0,0,"increased","simplified","d47Diabetes.txt",58,8,134,0,0,1,1,1
"138","A2EAN17FAA9AQF",1,0,0,0,0,0,1,0,1,0,1,0,0,0,0,1,0,0,0,0,0,0,1,0,0,0,"regular","original","d45Asma.txt",99,6,218,0,1,1,0,1
"139","A2EAN17FAA9AQF",1,0,0,0,0,0,1,0,1,0,1,0,0,0,0,1,0,0,0,0,0,0,1,0,0,0,"regular","original","d243Hipertension.txt",96,5,214,0,1,1,1,0.75
"140","A2EAN17FAA9AQF",1,0,0,0,0,0,1,0,1,0,1,0,0,0,0,1,0,0,0,0,0,0,1,0,0,0,"regular","original","D223Hipertension.txt",67,5,191,0,0,0,0,0.75
"141","A2FQ42LI3PSIFR",1,0,0,0,0,0,1,1,0,0,0,1,0,0,0,1,0,0,0,0,0,0,0,0,1,0,"increased","simplified","d250Hipertension.txt",73,4,286,1,1,1,1,0.75
"142","A2FQ42LI3PSIFR",1,0,0,0,0,0,1,1,0,0,0,1,0,0,0,1,0,0,0,0,0,0,0,0,1,0,"increased","simplified","d228Hipertension.txt",132,6,260,1,1,1,0,0.75
"143","A2JDL1UGZWWD3I",0,1,0,0,0,0,1,1,0,0,0,1,0,0,0,0,0,1,0,0,0,0,0,1,0,0,"regular","original","d250Hipertension.txt",73,7,114,1,1,1,1,0.75
"144","A2JDL1UGZWWD3I",0,1,0,0,0,0,1,1,0,0,0,1,0,0,0,0,0,1,0,0,0,0,0,1,0,0,"regular","original","d144Cancer.txt",77,8,44,1,1,1,0,1
"145","A2JDL1UGZWWD3I",0,1,0,0,0,0,1,1,0,0,0,1,0,0,0,0,0,1,0,0,0,0,0,1,0,0,"increased","simplified","d47Diabetes.txt",58,12,154,1,0,1,0,1
"146","A2JDL1UGZWWD3I",0,1,0,0,0,0,1,1,0,0,0,1,0,0,0,0,0,1,0,0,0,0,0,1,0,0,"regular","original","D88Diabetes.txt",102,11,134,1,0,0,1,0.75
"147","A2JDL1UGZWWD3I",0,1,0,0,0,0,1,1,0,0,0,1,0,0,0,0,0,1,0,0,0,0,0,1,0,0,"regular","original","d174Hepatitis.txt",109,28,280,1,1,1,1,0.75
"148","A2JDL1UGZWWD3I",0,1,0,0,0,0,1,1,0,0,0,1,0,0,0,0,0,1,0,0,0,0,0,1,0,0,"regular","original","d243Hipertension.txt",96,7,169,0,0,0,1,0.75
"149","A2JDL1UGZWWD3I",0,1,0,0,0,0,1,1,0,0,0,1,0,0,0,0,0,1,0,0,0,0,0,1,0,0,"regular","original","d328Leucemia.txt",134,5,175,1,0,1,1,0.75
"150","A2JDL1UGZWWD3I",0,1,0,0,0,0,1,1,0,0,0,1,0,0,0,0,0,1,0,0,0,0,0,1,0,0,"regular","original","d133Cancer.txt",141,8,249,1,1,1,1,0.75
"151","A2JDL1UGZWWD3I",0,1,0,0,0,0,1,1,0,0,0,1,0,0,0,0,0,1,0,0,0,0,0,1,0,0,"regular","original","d47Diabetes.txt",57,12,107,1,0,1,1,1
"152","A2JDL1UGZWWD3I",0,1,0,0,0,0,1,1,0,0,0,1,0,0,0,0,0,1,0,0,0,0,0,1,0,0,"regular","original","d45Asma.txt",99,7,135,1,1,1,1,0.75
"153","A2JDL1UGZWWD3I",0,1,0,0,0,0,1,1,0,0,0,1,0,0,0,0,0,1,0,0,0,0,0,1,0,0,"regular","original","d245Hipertension.txt",90,11,98,1,0,1,1,1
"154","A2JDL1UGZWWD3I",0,1,0,0,0,0,1,1,0,0,0,1,0,0,0,0,0,1,0,0,0,0,0,1,0,0,"increased","simplified","d45Asma.txt",100,10,80,1,1,0,1,0.75
"155","A2K7RVHQRCM91M",1,0,1,0,0,0,0,1,0,0,0,0,0,1,0,1,0,0,0,0,0,0,0,1,0,0,"regular","original","d335Leucemia.txt",104,11,39,0,1,1,1,0.25
"156","A2K7RVHQRCM91M",1,0,1,0,0,0,0,1,0,0,0,0,0,1,0,1,0,0,0,0,0,0,0,1,0,0,"regular","original","d228Hipertension.txt",131,9,240,0,1,1,1,0.75
"157","A2K7RVHQRCM91M",1,0,1,0,0,0,0,1,0,0,0,0,0,1,0,1,0,0,0,0,0,0,0,1,0,0,"regular","original","d245Hipertension.txt",90,9,208,1,0,1,1,0.75
"158","A2K7RVHQRCM91M",1,0,1,0,0,0,0,1,0,0,0,0,0,1,0,1,0,0,0,0,0,0,0,1,0,0,"regular","original","d276Influenza.txt",141,6,163,0,0,0,1,0.75
"159","A2K7RVHQRCM91M",1,0,1,0,0,0,0,1,0,0,0,0,0,1,0,1,0,0,0,0,0,0,0,1,0,0,"regular","original","D88Diabetes.txt",102,8,285,1,1,0,1,0.75
"160","A2K7RVHQRCM91M",1,0,1,0,0,0,0,1,0,0,0,0,0,1,0,1,0,0,0,0,0,0,0,1,0,0,"regular","original","d45Asma.txt",99,5,224,1,1,0,1,0.25
"161","A2K7RVHQRCM91M",1,0,1,0,0,0,0,1,0,0,0,0,0,1,0,1,0,0,0,0,0,0,0,1,0,0,"regular","original","d250Hipertension.txt",73,8,271,1,1,1,1,0.25
"162","A2K7RVHQRCM91M",1,0,1,0,0,0,0,1,0,0,0,0,0,1,0,1,0,0,0,0,0,0,0,1,0,0,"regular","original","D223Hipertension.txt",67,8,268,0,0,0,0,0.25
"163","A2K7RVHQRCM91M",1,0,1,0,0,0,0,1,0,0,0,0,0,1,0,1,0,0,0,0,0,0,0,1,0,0,"regular","original","d144Cancer.txt",77,9,129,1,1,1,1,0.75
"164","A2K7RVHQRCM91M",1,0,1,0,0,0,0,1,0,0,0,0,0,1,0,1,0,0,0,0,0,0,0,1,0,0,"regular","original","d243Hipertension.txt",96,7,251,1,1,0,1,0.75
"165","A2K7RVHQRCM91M",1,0,1,0,0,0,0,1,0,0,0,0,0,1,0,1,0,0,0,0,0,0,0,1,0,0,"regular","original","d133Cancer.txt",141,7,328,1,1,1,1,0
"166","A2K7RVHQRCM91M",1,0,1,0,0,0,0,1,0,0,0,0,0,1,0,1,0,0,0,0,0,0,0,1,0,0,"increased","simplified","d335Leucemia.txt",104,15,378,1,0,0,1,0.25
"167","A2K7RVHQRCM91M",1,0,1,0,0,0,0,1,0,0,0,0,0,1,0,1,0,0,0,0,0,0,0,1,0,0,"regular","original","d249Hipertension.txt",72,7,40,0,1,1,1,0.75
"168","A2K7RVHQRCM91M",1,0,1,0,0,0,0,1,0,0,0,0,0,1,0,1,0,0,0,0,0,0,0,1,0,0,"regular","original","d47Diabetes.txt",57,7,49,1,0,1,1,1
"169","A2K7RVHQRCM91M",1,0,1,0,0,0,0,1,0,0,0,0,0,1,0,1,0,0,0,0,0,0,0,1,0,0,"increased","simplified","d245Hipertension.txt",90,7,47,1,0,1,1,0.75
"170","A2K7RVHQRCM91M",1,0,1,0,0,0,0,1,0,0,0,0,0,1,0,1,0,0,0,0,0,0,0,1,0,0,"regular","original","d174Hepatitis.txt",109,5,326,1,0,0,0,0.25
"171","A2K7RVHQRCM91M",1,0,1,0,0,0,0,1,0,0,0,0,0,1,0,1,0,0,0,0,0,0,0,1,0,0,"regular","original","d328Leucemia.txt",134,7,176,1,1,0,1,0.25
"172","A2SSTILVHXNI64",1,0,0,0,0,0,1,1,0,0,0,1,0,0,0,1,0,0,0,0,0,0,0,0,1,0,"increased","simplified","d335Leucemia.txt",104,5,340,1,1,0,1,0
"173","A2SSTILVHXNI64",1,0,0,0,0,0,1,1,0,0,0,1,0,0,0,1,0,0,0,0,0,0,0,0,1,0,"increased","simplified","d144Cancer.txt",77,5,159,1,0,1,1,NA
"174","A2SSTILVHXNI64",1,0,0,0,0,0,1,1,0,0,0,1,0,0,0,1,0,0,0,0,0,0,0,0,1,0,"regular","original","d276Influenza.txt",141,8,203,1,0,1,1,0.25
"175","A2SSTILVHXNI64",1,0,0,0,0,0,1,1,0,0,0,1,0,0,0,1,0,0,0,0,0,0,0,0,1,0,"regular","original","D223Hipertension.txt",67,3,255,0,1,1,1,0.25
"176","A2SSTILVHXNI64",1,0,0,0,0,0,1,1,0,0,0,1,0,0,0,1,0,0,0,0,0,0,0,0,1,0,"increased","simplified","D223Hipertension.txt",67,4,265,0,1,1,1,0.25
"177","A2SSTILVHXNI64",1,0,0,0,0,0,1,1,0,0,0,1,0,0,0,1,0,0,0,0,0,0,0,0,1,0,"increased","simplified","D88Diabetes.txt",102,5,278,1,0,0,1,0.25
"178","A2SSTILVHXNI64",1,0,0,0,0,0,1,1,0,0,0,1,0,0,0,1,0,0,0,0,0,0,0,0,1,0,"increased","simplified","d47Diabetes.txt",58,5,211,1,0,1,0,0.75
"179","A2SSTILVHXNI64",1,0,0,0,0,0,1,1,0,0,0,1,0,0,0,1,0,0,0,0,0,0,0,0,1,0,"regular","original","d45Asma.txt",99,5,530,0,1,1,1,0.25
"180","A2SSTILVHXNI64",1,0,0,0,0,0,1,1,0,0,0,1,0,0,0,1,0,0,0,0,0,0,0,0,1,0,"regular","original","d144Cancer.txt",77,4,134,0,1,1,1,1
"181","A2SSTILVHXNI64",1,0,0,0,0,0,1,1,0,0,0,1,0,0,0,1,0,0,0,0,0,0,0,0,1,0,"regular","original","d174Hepatitis.txt",109,5,347,1,1,0,0,0
"182","A2SSTILVHXNI64",1,0,0,0,0,0,1,1,0,0,0,1,0,0,0,1,0,0,0,0,0,0,0,0,1,0,"increased","simplified","d45Asma.txt",100,5,219,1,1,0,1,0.25
"183","A2SSTILVHXNI64",1,0,0,0,0,0,1,1,0,0,0,1,0,0,0,1,0,0,0,0,0,0,0,0,1,0,"regular","original","d335Leucemia.txt",104,6,605,0,0,0,0,0.25
"184","A2SSTILVHXNI64",1,0,0,0,0,0,1,1,0,0,0,1,0,0,0,1,0,0,0,0,0,0,0,0,1,0,"regular","original","d47Diabetes.txt",57,4,167,1,0,0,1,0.75
"185","A2SSTILVHXNI64",1,0,0,0,0,0,1,1,0,0,0,1,0,0,0,1,0,0,0,0,0,0,0,0,1,0,"increased","simplified","d245Hipertension.txt",90,5,264,1,0,0,1,0.25
"186","A2SSTILVHXNI64",1,0,0,0,0,0,1,1,0,0,0,1,0,0,0,1,0,0,0,0,0,0,0,0,1,0,"regular","original","d228Hipertension.txt",131,5,350,0,1,0,1,0.25
"187","A2SSTILVHXNI64",1,0,0,0,0,0,1,1,0,0,0,1,0,0,0,1,0,0,0,0,0,0,0,0,1,0,"increased","simplified","d243Hipertension.txt",96,5,461,0,1,1,0,0.25
"188","A2SSTILVHXNI64",1,0,0,0,0,0,1,1,0,0,0,1,0,0,0,1,0,0,0,0,0,0,0,0,1,0,"increased","simplified","d250Hipertension.txt",73,3,184,1,1,1,0,0.75
"189","A2SSTILVHXNI64",1,0,0,0,0,0,1,1,0,0,0,1,0,0,0,1,0,0,0,0,0,0,0,0,1,0,"regular","original","d328Leucemia.txt",134,4,378,0,1,1,1,0.25
"190","A2UJ4L3BZQDRIG",0,1,0,0,0,0,1,0,1,0,1,0,0,0,0,0,0,1,0,0,0,0,0,1,0,0,"increased","simplified","d243Hipertension.txt",96,4,192,1,0,1,0,0.5
"191","A2UJ4L3BZQDRIG",0,1,0,0,0,0,1,0,1,0,1,0,0,0,0,0,0,1,0,0,0,0,0,1,0,0,"increased","simplified","d249Hipertension.txt",72,9,106,1,1,1,1,0.75
"192","A2UJ4L3BZQDRIG",0,1,0,0,0,0,1,0,1,0,1,0,0,0,0,0,0,1,0,0,0,0,0,1,0,0,"regular","original","D223Hipertension.txt",67,9,107,1,0,0,1,0.75
"193","A2UJ4L3BZQDRIG",0,1,0,0,0,0,1,0,1,0,1,0,0,0,0,0,0,1,0,0,0,0,0,1,0,0,"regular","original","d144Cancer.txt",77,6,114,1,1,1,0,0.75
"194","A2UJ4L3BZQDRIG",0,1,0,0,0,0,1,0,1,0,1,0,0,0,0,0,0,1,0,0,0,0,0,1,0,0,"increased","simplified","d228Hipertension.txt",132,4,103,0,1,1,0,0.75
"195","A2UJ4L3BZQDRIG",0,1,0,0,0,0,1,0,1,0,1,0,0,0,0,0,0,1,0,0,0,0,0,1,0,0,"increased","simplified","d133Cancer.txt",142,8,129,0,0,0,1,0.5
"196","A2UJ4L3BZQDRIG",0,1,0,0,0,0,1,0,1,0,1,0,0,0,0,0,0,1,0,0,0,0,0,1,0,0,"increased","simplified","d174Hepatitis.txt",109,5,127,1,1,0,1,0
"197","A2UJ4L3BZQDRIG",0,1,0,0,0,0,1,0,1,0,1,0,0,0,0,0,0,1,0,0,0,0,0,1,0,0,"regular","original","d45Asma.txt",99,11,129,1,1,1,1,0.25
"198","A2UJ4L3BZQDRIG",0,1,0,0,0,0,1,0,1,0,1,0,0,0,0,0,0,1,0,0,0,0,0,1,0,0,"increased","simplified","D223Hipertension.txt",67,7,170,1,0,1,1,0.5
"199","A2UJ4L3BZQDRIG",0,1,0,0,0,0,1,0,1,0,1,0,0,0,0,0,0,1,0,0,0,0,0,1,0,0,"regular","original","d328Leucemia.txt",134,9,111,1,1,1,1,0.25
"200","A2UJ4L3BZQDRIG",0,1,0,0,0,0,1,0,1,0,1,0,0,0,0,0,0,1,0,0,0,0,0,1,0,0,"regular","original","d47Diabetes.txt",57,13,96,1,1,1,1,1
"201","A2UJ4L3BZQDRIG",0,1,0,0,0,0,1,0,1,0,1,0,0,0,0,0,0,1,0,0,0,0,0,1,0,0,"increased","simplified","d45Asma.txt",100,12,84,1,1,1,1,0.5
"202","A2UJ4L3BZQDRIG",0,1,0,0,0,0,1,0,1,0,1,0,0,0,0,0,0,1,0,0,0,0,0,1,0,0,"increased","simplified","d335Leucemia.txt",104,8,173,0,0,1,1,NA
"203","A2UJ4L3BZQDRIG",0,1,0,0,0,0,1,0,1,0,1,0,0,0,0,0,0,1,0,0,0,0,0,1,0,0,"increased","simplified","D88Diabetes.txt",102,7,149,1,1,0,1,NA
"204","A2UJ4L3BZQDRIG",0,1,0,0,0,0,1,0,1,0,1,0,0,0,0,0,0,1,0,0,0,0,0,1,0,0,"regular","original","d228Hipertension.txt",131,8,136,1,1,1,0,0.75
"205","A2UJ4L3BZQDRIG",0,1,0,0,0,0,1,0,1,0,1,0,0,0,0,0,0,1,0,0,0,0,0,1,0,0,"regular","original","d243Hipertension.txt",96,7,143,1,0,0,1,0.75
"206","A2UJ4L3BZQDRIG",0,1,0,0,0,0,1,0,1,0,1,0,0,0,0,0,0,1,0,0,0,0,0,1,0,0,"regular","original","d245Hipertension.txt",90,3,167,1,0,1,1,0.75
"207","A2UJ4L3BZQDRIG",0,1,0,0,0,0,1,0,1,0,1,0,0,0,0,0,0,1,0,0,0,0,0,1,0,0,"regular","original","D88Diabetes.txt",102,10,128,1,1,1,1,0.75
"208","A2UJ4L3BZQDRIG",0,1,0,0,0,0,1,0,1,0,1,0,0,0,0,0,0,1,0,0,0,0,0,1,0,0,"increased","simplified","d245Hipertension.txt",90,4,148,1,1,1,1,0.75
"209","A2UJ4L3BZQDRIG",0,1,0,0,0,0,1,0,1,0,1,0,0,0,0,0,0,1,0,0,0,0,0,1,0,0,"regular","original","d249Hipertension.txt",72,10,110,1,0,1,1,0.75
"210","A2UJ4L3BZQDRIG",0,1,0,0,0,0,1,0,1,0,1,0,0,0,0,0,0,1,0,0,0,0,0,1,0,0,"increased","simplified","d47Diabetes.txt",58,9,98,1,1,1,0,0.75
"211","A2UJ4L3BZQDRIG",0,1,0,0,0,0,1,0,1,0,1,0,0,0,0,0,0,1,0,0,0,0,0,1,0,0,"regular","original","d174Hepatitis.txt",109,7,125,1,1,0,1,0.25
"212","A2UJ4L3BZQDRIG",0,1,0,0,0,0,1,0,1,0,1,0,0,0,0,0,0,1,0,0,0,0,0,1,0,0,"regular","original","d276Influenza.txt",141,12,271,1,1,1,1,0.75
"213","A2UJ4L3BZQDRIG",0,1,0,0,0,0,1,0,1,0,1,0,0,0,0,0,0,1,0,0,0,0,0,1,0,0,"regular","original","d133Cancer.txt",141,14,136,0,1,1,1,0.25
"214","A2UJ4L3BZQDRIG",0,1,0,0,0,0,1,0,1,0,1,0,0,0,0,0,0,1,0,0,0,0,0,1,0,0,"regular","original","d335Leucemia.txt",104,6,84,0,1,1,1,NA
"215","A2UJ4L3BZQDRIG",0,1,0,0,0,0,1,0,1,0,1,0,0,0,0,0,0,1,0,0,0,0,0,1,0,0,"increased","simplified","d250Hipertension.txt",73,7,135,1,1,1,1,0.25
"216","A2UJ4L3BZQDRIG",0,1,0,0,0,0,1,0,1,0,1,0,0,0,0,0,0,1,0,0,0,0,0,1,0,0,"regular","original","d250Hipertension.txt",73,5,149,1,1,1,1,0.5
"217","A2UJ4L3BZQDRIG",0,1,0,0,0,0,1,0,1,0,1,0,0,0,0,0,0,1,0,0,0,0,0,1,0,0,"increased","simplified","d144Cancer.txt",77,6,98,0,1,1,1,0.75
"218","A2WW0TJO7T6KAF",0,1,0,0,0,0,1,1,0,0,1,0,0,0,0,1,0,0,0,0,0,0,0,0,1,0,"regular","original","D88Diabetes.txt",102,5,131,1,1,0,1,0.25
"219","A2WW0TJO7T6KAF",0,1,0,0,0,0,1,1,0,0,1,0,0,0,0,1,0,0,0,0,0,0,0,0,1,0,"regular","original","D223Hipertension.txt",67,9,40,1,0,1,1,NA
"220","A2WW0TJO7T6KAF",0,1,0,0,0,0,1,1,0,0,1,0,0,0,0,1,0,0,0,0,0,0,0,0,1,0,"regular","original","d45Asma.txt",99,8,102,1,1,1,1,0.25
"221","A2WW0TJO7T6KAF",0,1,0,0,0,0,1,1,0,0,1,0,0,0,0,1,0,0,0,0,0,0,0,0,1,0,"regular","original","d47Diabetes.txt",57,11,107,1,0,1,1,0.75
"222","A2WW0TJO7T6KAF",0,1,0,0,0,0,1,1,0,0,1,0,0,0,0,1,0,0,0,0,0,0,0,0,1,0,"regular","original","d250Hipertension.txt",73,6,100,1,1,0,1,0.25
"223","A2WW0TJO7T6KAF",0,1,0,0,0,0,1,1,0,0,1,0,0,0,0,1,0,0,0,0,0,0,0,0,1,0,"regular","original","d144Cancer.txt",77,7,86,1,1,1,0,0.5
"224","A2WW0TJO7T6KAF",0,1,0,0,0,0,1,1,0,0,1,0,0,0,0,1,0,0,0,0,0,0,0,0,1,0,"regular","original","d133Cancer.txt",141,8,282,0,0,1,1,0.25
"225","A2YNVMNY1HC3NT",0,1,0,0,0,0,1,0,1,0,0,0,0,0,1,1,0,0,0,0,0,1,0,0,0,0,"increased","simplified","d276Influenza.txt",139,6,229,1,1,1,1,1
"226","A2YNVMNY1HC3NT",0,1,0,0,0,0,1,0,1,0,0,0,0,0,1,1,0,0,0,0,0,1,0,0,0,0,"increased","simplified","d228Hipertension.txt",132,6,80,1,1,1,0,0.5
"227","A2YNVMNY1HC3NT",0,1,0,0,0,0,1,0,1,0,0,0,0,0,1,1,0,0,0,0,0,1,0,0,0,0,"increased","simplified","d328Leucemia.txt",133,11,28,1,1,1,1,0.75
"228","A2YNVMNY1HC3NT",0,1,0,0,0,0,1,0,1,0,0,0,0,0,1,1,0,0,0,0,0,1,0,0,0,0,"increased","simplified","d249Hipertension.txt",72,11,187,1,1,1,1,1
"229","A2YNVMNY1HC3NT",0,1,0,0,0,0,1,0,1,0,0,0,0,0,1,1,0,0,0,0,0,1,0,0,0,0,"increased","simplified","d335Leucemia.txt",104,10,51,0,1,1,1,0.75
"230","A2YNVMNY1HC3NT",0,1,0,0,0,0,1,0,1,0,0,0,0,0,1,1,0,0,0,0,0,1,0,0,0,0,"increased","simplified","D223Hipertension.txt",67,7,253,1,0,1,0,0.5
"231","A2YNVMNY1HC3NT",0,1,0,0,0,0,1,0,1,0,0,0,0,0,1,1,0,0,0,0,0,1,0,0,0,0,"increased","simplified","d243Hipertension.txt",96,6,305,0,1,1,1,1
"232","A2YNVMNY1HC3NT",0,1,0,0,0,0,1,0,1,0,0,0,0,0,1,1,0,0,0,0,0,1,0,0,0,0,"increased","simplified","d144Cancer.txt",77,7,189,1,1,1,1,1
"233","A2YNVMNY1HC3NT",0,1,0,0,0,0,1,0,1,0,0,0,0,0,1,1,0,0,0,0,0,1,0,0,0,0,"increased","simplified","d174Hepatitis.txt",109,9,291,1,1,1,0,0.5
"234","A2YNVMNY1HC3NT",0,1,0,0,0,0,1,0,1,0,0,0,0,0,1,1,0,0,0,0,0,1,0,0,0,0,"increased","simplified","d133Cancer.txt",142,6,206,1,1,0,1,0.75
"235","A2YNVMNY1HC3NT",0,1,0,0,0,0,1,0,1,0,0,0,0,0,1,1,0,0,0,0,0,1,0,0,0,0,"increased","simplified","d250Hipertension.txt",73,5,184,1,1,1,1,0.25
"236","A2YNVMNY1HC3NT",0,1,0,0,0,0,1,0,1,0,0,0,0,0,1,1,0,0,0,0,0,1,0,0,0,0,"increased","simplified","d45Asma.txt",100,6,296,1,1,1,1,1
"237","A2YNVMNY1HC3NT",0,1,0,0,0,0,1,0,1,0,0,0,0,0,1,1,0,0,0,0,0,1,0,0,0,0,"increased","simplified","d245Hipertension.txt",90,8,44,1,0,1,1,0.75
"238","A2YNVMNY1HC3NT",0,1,0,0,0,0,1,0,1,0,0,0,0,0,1,1,0,0,0,0,0,1,0,0,0,0,"increased","simplified","D88Diabetes.txt",102,4,282,1,1,0,1,0.5
"239","A2YNVMNY1HC3NT",0,1,0,0,0,0,1,0,1,0,0,0,0,0,1,1,0,0,0,0,0,1,0,0,0,0,"increased","simplified","d47Diabetes.txt",58,6,141,1,1,1,1,1
"240","A2Z83XEWWC65AC",1,0,0,0,0,0,1,0,1,0,1,0,0,0,0,1,0,0,0,0,0,0,1,0,0,0,"regular","original","d228Hipertension.txt",131,7,848,0,1,1,0,1
"241","A30O75QLAAFBOS",0,1,0,0,0,0,1,0,1,0,0,0,1,0,0,0,0,1,0,0,0,0,0,0,1,0,"regular","original","d243Hipertension.txt",96,5,233,1,1,0,0,0.5
"242","A30SJFFKYY844",0,1,0,0,0,0,1,1,0,0,0,0,1,0,0,1,0,0,0,0,0,0,0,0,1,0,"increased","simplified","d133Cancer.txt",142,6,392,0,0,0,0,0.75
"243","A30SJFFKYY844",0,1,0,0,0,0,1,1,0,0,0,0,1,0,0,1,0,0,0,0,0,0,0,0,1,0,"increased","simplified","d249Hipertension.txt",72,10,264,0,1,0,0,0.75
"244","A30SJFFKYY844",0,1,0,0,0,0,1,1,0,0,0,0,1,0,0,1,0,0,0,0,0,0,0,0,1,0,"increased","simplified","d335Leucemia.txt",104,11,407,0,0,0,1,0.75
"245","A31PCWBBI7XXYP",0,1,0,0,0,0,1,1,0,0,0,0,1,0,0,0,0,1,0,0,0,0,0,1,0,0,"increased","simplified","d228Hipertension.txt",132,12,788,1,1,1,0,0.75
"246","A31PCWBBI7XXYP",0,1,0,0,0,0,1,1,0,0,0,0,1,0,0,0,0,1,0,0,0,0,0,1,0,0,"increased","simplified","d243Hipertension.txt",96,6,520,1,0,0,1,0.75
"247","A31PCWBBI7XXYP",0,1,0,0,0,0,1,1,0,0,0,0,1,0,0,0,0,1,0,0,0,0,0,1,0,0,"increased","simplified","d174Hepatitis.txt",109,11,878,1,1,1,1,0.75
"248","A31PCWBBI7XXYP",0,1,0,0,0,0,1,1,0,0,0,0,1,0,0,0,0,1,0,0,0,0,0,1,0,0,"increased","simplified","d133Cancer.txt",142,9,447,1,1,1,1,0.75
"249","A32SN4G88GY5LK",0,1,0,0,0,0,1,1,0,0,0,0,1,0,0,1,0,0,0,0,0,0,0,1,0,0,"regular","original","D88Diabetes.txt",102,6,674,0,1,0,1,0.5
"250","A32SN4G88GY5LK",0,1,0,0,0,0,1,1,0,0,0,0,1,0,0,1,0,0,0,0,0,0,0,1,0,0,"regular","original","d133Cancer.txt",141,8,533,1,1,1,0,1
"251","A32SN4G88GY5LK",0,1,0,0,0,0,1,1,0,0,0,0,1,0,0,1,0,0,0,0,0,0,0,1,0,0,"regular","original","d174Hepatitis.txt",109,9,667,1,1,1,0,0.75
"252","A32SN4G88GY5LK",0,1,0,0,0,0,1,1,0,0,0,0,1,0,0,1,0,0,0,0,0,0,0,1,0,0,"regular","original","d47Diabetes.txt",57,7,238,1,0,1,1,1
"253","A32SN4G88GY5LK",0,1,0,0,0,0,1,1,0,0,0,0,1,0,0,1,0,0,0,0,0,0,0,1,0,0,"regular","original","d250Hipertension.txt",73,12,451,1,1,1,1,1
"254","A38QF227EU7OOF",0,1,0,0,0,0,1,0,1,0,0,1,0,0,0,1,0,0,0,0,0,0,0,0,1,0,"regular","original","d335Leucemia.txt",104,7,71,1,0,0,0,0.25
"255","A3BDQO85R6WOO1",1,0,0,0,0,0,1,1,0,0,1,0,0,0,0,0,0,1,0,0,0,0,0,1,0,0,"regular","original","d228Hipertension.txt",131,4,542,1,1,1,0,0.75
"256","A3BDQO85R6WOO1",1,0,0,0,0,0,1,1,0,0,1,0,0,0,0,0,0,1,0,0,0,0,0,1,0,0,"increased","simplified","d250Hipertension.txt",73,9,577,1,1,1,1,0.25
"257","A3E1WUFVA5HA3A",0,1,0,0,0,0,1,1,0,0,0,0,1,0,0,0,0,1,0,0,0,0,0,0,0,1,"regular","original","d243Hipertension.txt",96,17,270,0,1,0,1,0.25
"258","A3FKZCA4Y4QAK6",0,1,0,0,0,0,1,1,0,0,0,0,0,1,0,1,0,0,0,0,0,0,0,0,0,1,"increased","simplified","d249Hipertension.txt",72,17,256,1,1,1,0,1
"259","A3FKZCA4Y4QAK6",0,1,0,0,0,0,1,1,0,0,0,0,0,1,0,1,0,0,0,0,0,0,0,0,0,1,"increased","simplified","d144Cancer.txt",77,13,266,1,1,1,1,1
"260","A3FKZCA4Y4QAK6",0,1,0,0,0,0,1,1,0,0,0,0,0,1,0,1,0,0,0,0,0,0,0,0,0,1,"increased","simplified","d228Hipertension.txt",132,7,206,1,1,1,1,0.75
"261","A3FKZCA4Y4QAK6",0,1,0,0,0,0,1,1,0,0,0,0,0,1,0,1,0,0,0,0,0,0,0,0,0,1,"increased","simplified","d276Influenza.txt",139,12,292,1,1,1,1,0.75
"262","A3FKZCA4Y4QAK6",0,1,0,0,0,0,1,1,0,0,0,0,0,1,0,1,0,0,0,0,0,0,0,0,0,1,"increased","simplified","d47Diabetes.txt",58,13,116,1,1,1,1,1
"263","A3FKZCA4Y4QAK6",0,1,0,0,0,0,1,1,0,0,0,0,0,1,0,1,0,0,0,0,0,0,0,0,0,1,"increased","simplified","d45Asma.txt",100,13,264,1,1,1,1,0.75
"264","A3FKZCA4Y4QAK6",0,1,0,0,0,0,1,1,0,0,0,0,0,1,0,1,0,0,0,0,0,0,0,0,0,1,"increased","simplified","d250Hipertension.txt",73,9,268,1,1,1,0,0.25
"265","A3FKZCA4Y4QAK6",0,1,0,0,0,0,1,1,0,0,0,0,0,1,0,1,0,0,0,0,0,0,0,0,0,1,"increased","simplified","d328Leucemia.txt",133,11,301,1,1,1,1,0.75
"266","A3MEH3J9X4YRBW",0,1,0,0,0,0,1,1,0,0,0,0,0,1,0,0,1,0,0,0,0,0,0,0,1,0,"increased","simplified","d328Leucemia.txt",133,8,278,1,0,1,1,1
"267","A3MEH3J9X4YRBW",0,1,0,0,0,0,1,1,0,0,0,0,0,1,0,0,1,0,0,0,0,0,0,0,1,0,"increased","simplified","d245Hipertension.txt",90,5,184,1,0,0,0,1
"268","A3MEH3J9X4YRBW",0,1,0,0,0,0,1,1,0,0,0,0,0,1,0,0,1,0,0,0,0,0,0,0,1,0,"regular","original","d276Influenza.txt",141,6,377,0,1,0,1,0.75
"269","A3MEH3J9X4YRBW",0,1,0,0,0,0,1,1,0,0,0,0,0,1,0,0,1,0,0,0,0,0,0,0,1,0,"increased","simplified","D88Diabetes.txt",102,6,194,1,0,0,0,1
"270","A3MEH3J9X4YRBW",0,1,0,0,0,0,1,1,0,0,0,0,0,1,0,0,1,0,0,0,0,0,0,0,1,0,"regular","original","d228Hipertension.txt",131,4,236,0,1,0,1,0.75
"271","A3MEH3J9X4YRBW",0,1,0,0,0,0,1,1,0,0,0,0,0,1,0,0,1,0,0,0,0,0,0,0,1,0,"increased","simplified","D223Hipertension.txt",67,6,233,0,0,1,0,1
"272","A3MEH3J9X4YRBW",0,1,0,0,0,0,1,1,0,0,0,0,0,1,0,0,1,0,0,0,0,0,0,0,1,0,"increased","simplified","d133Cancer.txt",142,4,310,1,0,1,0,1
"273","A3MEH3J9X4YRBW",0,1,0,0,0,0,1,1,0,0,0,0,0,1,0,0,1,0,0,0,0,0,0,0,1,0,"increased","simplified","d174Hepatitis.txt",109,5,475,0,0,0,0,1
"274","A3MEH3J9X4YRBW",0,1,0,0,0,0,1,1,0,0,0,0,0,1,0,0,1,0,0,0,0,0,0,0,1,0,"increased","simplified","d144Cancer.txt",77,6,177,0,0,0,1,1
"275","A3MEH3J9X4YRBW",0,1,0,0,0,0,1,1,0,0,0,0,0,1,0,0,1,0,0,0,0,0,0,0,1,0,"increased","simplified","d243Hipertension.txt",96,7,352,0,0,1,1,1
"276","A3P01S02THJJ29",1,0,0,0,0,0,1,0,1,0,1,0,0,0,0,0,1,0,0,0,0,0,0,0,1,0,"regular","original","d249Hipertension.txt",72,8,44,1,1,1,1,0.75
"277","A3P01S02THJJ29",1,0,0,0,0,0,1,0,1,0,1,0,0,0,0,0,1,0,0,0,0,0,0,0,1,0,"regular","original","d228Hipertension.txt",131,6,39,0,0,0,1,1
"278","A3P01S02THJJ29",1,0,0,0,0,0,1,0,1,0,1,0,0,0,0,0,1,0,0,0,0,0,0,0,1,0,"regular","original","d328Leucemia.txt",134,8,293,1,1,1,1,0.25
"279","A3P01S02THJJ29",1,0,0,0,0,0,1,0,1,0,1,0,0,0,0,0,1,0,0,0,0,0,0,0,1,0,"regular","original","d47Diabetes.txt",57,4,110,1,0,1,0,1
"280","A3P01S02THJJ29",1,0,0,0,0,0,1,0,1,0,1,0,0,0,0,0,1,0,0,0,0,0,0,0,1,0,"regular","original","D223Hipertension.txt",67,5,323,0,0,0,1,0.75
"281","A3P01S02THJJ29",1,0,0,0,0,0,1,0,1,0,1,0,0,0,0,0,1,0,0,0,0,0,0,0,1,0,"regular","original","d133Cancer.txt",141,6,56,1,1,1,0,0.75
"282","A3P01S02THJJ29",1,0,0,0,0,0,1,0,1,0,1,0,0,0,0,0,1,0,0,0,0,0,0,0,1,0,"regular","original","d45Asma.txt",99,9,262,1,1,1,1,1
"283","A3PLGAD65FOW7F",1,0,0,0,0,0,1,0,1,0,0,0,1,0,0,1,0,0,0,0,0,0,0,1,0,0,"regular","original","d243Hipertension.txt",96,8,192,0,1,0,1,1
"284","A3QGNYMQNUC6HM",1,0,0,0,0,0,1,1,0,0,0,1,0,0,0,1,0,0,0,0,0,0,0,1,0,0,"regular","original","d228Hipertension.txt",131,4,359,0,1,1,0,0.25
"285","A3QGNYMQNUC6HM",1,0,0,0,0,0,1,1,0,0,0,1,0,0,0,1,0,0,0,0,0,0,0,1,0,0,"regular","original","d245Hipertension.txt",90,4,430,1,1,0,0,0.75
"286","A3QGNYMQNUC6HM",1,0,0,0,0,0,1,1,0,0,0,1,0,0,0,1,0,0,0,0,0,0,0,1,0,0,"regular","original","D88Diabetes.txt",102,4,166,1,1,0,0,NA
"287","A3QGNYMQNUC6HM",1,0,0,0,0,0,1,1,0,0,0,1,0,0,0,1,0,0,0,0,0,0,0,1,0,0,"regular","original","d133Cancer.txt",141,4,389,1,1,1,0,0.25
"288","A3QGNYMQNUC6HM",1,0,0,0,0,0,1,1,0,0,0,1,0,0,0,1,0,0,0,0,0,0,0,1,0,0,"regular","original","d249Hipertension.txt",72,6,157,0,0,1,1,0.75
"289","A3QGNYMQNUC6HM",1,0,0,0,0,0,1,1,0,0,0,1,0,0,0,1,0,0,0,0,0,0,0,1,0,0,"regular","original","D223Hipertension.txt",67,4,276,1,0,1,0,0.75
"290","A3QGNYMQNUC6HM",1,0,0,0,0,0,1,1,0,0,0,1,0,0,0,1,0,0,0,0,0,0,0,1,0,0,"regular","original","d47Diabetes.txt",57,4,150,0,0,1,0,0.75
"291","A3QGNYMQNUC6HM",1,0,0,0,0,0,1,1,0,0,0,1,0,0,0,1,0,0,0,0,0,0,0,1,0,0,"regular","original","d243Hipertension.txt",96,5,161,0,1,1,1,0.75
"292","A3QGNYMQNUC6HM",1,0,0,0,0,0,1,1,0,0,0,1,0,0,0,1,0,0,0,0,0,0,0,1,0,0,"regular","original","d250Hipertension.txt",73,5,327,0,1,0,1,0.75
"293","A3RU7ANMLXJQF6",1,0,0,0,0,0,1,1,0,0,1,0,0,0,0,1,0,0,0,0,0,0,0,1,0,0,"regular","original","d335Leucemia.txt",104,5,141,1,1,0,1,0.75
"294","A3RU7ANMLXJQF6",1,0,0,0,0,0,1,1,0,0,1,0,0,0,0,1,0,0,0,0,0,0,0,1,0,0,"regular","original","d250Hipertension.txt",73,5,95,1,1,1,0,0.5
"295","A3RU7ANMLXJQF6",1,0,0,0,0,0,1,1,0,0,1,0,0,0,0,1,0,0,0,0,0,0,0,1,0,0,"increased","simplified","d243Hipertension.txt",96,4,445,0,0,1,0,0.5
"296","A3RU7ANMLXJQF6",1,0,0,0,0,0,1,1,0,0,1,0,0,0,0,1,0,0,0,0,0,0,0,1,0,0,"increased","simplified","d249Hipertension.txt",72,8,162,0,1,1,1,1
"297","A3RU7ANMLXJQF6",1,0,0,0,0,0,1,1,0,0,1,0,0,0,0,1,0,0,0,0,0,0,0,1,0,0,"increased","simplified","D88Diabetes.txt",102,7,258,0,1,0,1,0.75
"298","A3RU7ANMLXJQF6",1,0,0,0,0,0,1,1,0,0,1,0,0,0,0,1,0,0,0,0,0,0,0,1,0,0,"regular","original","d245Hipertension.txt",90,5,326,1,1,1,1,0.75
"299","A3RU7ANMLXJQF6",1,0,0,0,0,0,1,1,0,0,1,0,0,0,0,1,0,0,0,0,0,0,0,1,0,0,"regular","original","D88Diabetes.txt",102,7,194,1,1,0,1,0.75
"300","A3RU7ANMLXJQF6",1,0,0,0,0,0,1,1,0,0,1,0,0,0,0,1,0,0,0,0,0,0,0,1,0,0,"regular","original","d276Influenza.txt",141,5,175,1,1,1,1,0.25
"301","A3RU7ANMLXJQF6",1,0,0,0,0,0,1,1,0,0,1,0,0,0,0,1,0,0,0,0,0,0,0,1,0,0,"regular","original","d174Hepatitis.txt",109,8,167,1,0,0,0,0.25
"302","A3RU7ANMLXJQF6",1,0,0,0,0,0,1,1,0,0,1,0,0,0,0,1,0,0,0,0,0,0,0,1,0,0,"regular","original","d249Hipertension.txt",72,8,130,1,1,1,1,0.75
"303","A3RU7ANMLXJQF6",1,0,0,0,0,0,1,1,0,0,1,0,0,0,0,1,0,0,0,0,0,0,0,1,0,0,"increased","simplified","d47Diabetes.txt",58,8,800,1,1,1,0,0.75
"304","A3RU7ANMLXJQF6",1,0,0,0,0,0,1,1,0,0,1,0,0,0,0,1,0,0,0,0,0,0,0,1,0,0,"regular","original","d45Asma.txt",99,9,173,0,1,1,1,0.75
"305","A3RU7ANMLXJQF6",1,0,0,0,0,0,1,1,0,0,1,0,0,0,0,1,0,0,0,0,0,0,0,1,0,0,"increased","simplified","d276Influenza.txt",139,6,110,0,1,0,1,0.5
"306","A3RU7ANMLXJQF6",1,0,0,0,0,0,1,1,0,0,1,0,0,0,0,1,0,0,0,0,0,0,0,1,0,0,"increased","simplified","D223Hipertension.txt",67,8,625,1,0,0,1,0
"307","A3RU7ANMLXJQF6",1,0,0,0,0,0,1,1,0,0,1,0,0,0,0,1,0,0,0,0,0,0,0,1,0,0,"increased","simplified","d335Leucemia.txt",104,7,97,1,1,1,1,NA
"308","A3RU7ANMLXJQF6",1,0,0,0,0,0,1,1,0,0,1,0,0,0,0,1,0,0,0,0,0,0,0,1,0,0,"increased","simplified","d45Asma.txt",100,6,52,1,1,1,1,0.5
"309","A3RU7ANMLXJQF6",1,0,0,0,0,0,1,1,0,0,1,0,0,0,0,1,0,0,0,0,0,0,0,1,0,0,"regular","original","d133Cancer.txt",141,9,276,1,1,1,1,0.5
"310","A3RU7ANMLXJQF6",1,0,0,0,0,0,1,1,0,0,1,0,0,0,0,1,0,0,0,0,0,0,0,1,0,0,"regular","original","d243Hipertension.txt",96,6,219,0,1,1,1,1
"311","A3RU7ANMLXJQF6",1,0,0,0,0,0,1,1,0,0,1,0,0,0,0,1,0,0,0,0,0,0,0,1,0,0,"increased","simplified","d250Hipertension.txt",73,6,506,1,1,1,1,1
"312","A3RU7ANMLXJQF6",1,0,0,0,0,0,1,1,0,0,1,0,0,0,0,1,0,0,0,0,0,0,0,1,0,0,"increased","simplified","d144Cancer.txt",77,7,93,1,1,1,1,1
"313","A3RU7ANMLXJQF6",1,0,0,0,0,0,1,1,0,0,1,0,0,0,0,1,0,0,0,0,0,0,0,1,0,0,"regular","original","D223Hipertension.txt",67,3,134,1,1,0,1,0.5
"314","A3RU7ANMLXJQF6",1,0,0,0,0,0,1,1,0,0,1,0,0,0,0,1,0,0,0,0,0,0,0,1,0,0,"increased","simplified","d245Hipertension.txt",90,8,887,1,0,0,1,0.75
"315","A3RU7ANMLXJQF6",1,0,0,0,0,0,1,1,0,0,1,0,0,0,0,1,0,0,0,0,0,0,0,1,0,0,"increased","simplified","d174Hepatitis.txt",109,7,733,1,1,1,0,0.25
"316","A3RU7ANMLXJQF6",1,0,0,0,0,0,1,1,0,0,1,0,0,0,0,1,0,0,0,0,0,0,0,1,0,0,"increased","simplified","d228Hipertension.txt",132,9,326,0,1,1,1,0.75
"317","A3RU7ANMLXJQF6",1,0,0,0,0,0,1,1,0,0,1,0,0,0,0,1,0,0,0,0,0,0,0,1,0,0,"regular","original","d328Leucemia.txt",134,5,158,1,1,1,1,0.5
"318","A3RU7ANMLXJQF6",1,0,0,0,0,0,1,1,0,0,1,0,0,0,0,1,0,0,0,0,0,0,0,1,0,0,"regular","original","d144Cancer.txt",77,7,73,1,1,1,1,1
"319","A3RU7ANMLXJQF6",1,0,0,0,0,0,1,1,0,0,1,0,0,0,0,1,0,0,0,0,0,0,0,1,0,0,"increased","simplified","d328Leucemia.txt",133,10,209,1,1,0,1,0.5
"320","A3UCJSPO0V8J1Y",1,0,0,0,0,0,1,1,0,0,0,0,1,0,0,0,1,0,0,0,0,0,0,0,1,0,"increased","simplified","d335Leucemia.txt",104,13,154,0,1,0,1,0.75
"321","A3UQD86LWO56E5",0,1,0,0,0,0,1,1,0,0,0,0,1,0,0,1,0,0,0,0,0,0,0,1,0,0,"increased","simplified","d47Diabetes.txt",58,15,753,1,0,1,1,0.75
"322","A3UQD86LWO56E5",0,1,0,0,0,0,1,1,0,0,0,0,1,0,0,1,0,0,0,0,0,0,0,1,0,0,"increased","simplified","d250Hipertension.txt",73,6,690,1,1,1,1,0.75
"323","A3UQD86LWO56E5",0,1,0,0,0,0,1,1,0,0,0,0,1,0,0,1,0,0,0,0,0,0,0,1,0,0,"increased","simplified","d245Hipertension.txt",90,10,389,1,0,1,1,0.5
"324","A3UQD86LWO56E5",0,1,0,0,0,0,1,1,0,0,0,0,1,0,0,1,0,0,0,0,0,0,0,1,0,0,"increased","simplified","D88Diabetes.txt",102,10,679,0,0,0,0,0.5
"325","A3VJSB6124X52O",1,0,0,0,0,0,1,1,0,0,0,0,0,1,0,0,0,1,0,0,0,0,0,0,1,0,"increased","simplified","d245Hipertension.txt",90,9,461,1,0,1,1,0.5
"326","A3VO76DH1LSQLI",0,1,0,0,0,0,1,1,0,0,0,0,1,0,0,1,0,0,0,0,0,0,0,1,0,0,"regular","original","d243Hipertension.txt",96,5,177,0,0,1,1,0.5
"327","A3VO76DH1LSQLI",0,1,0,0,0,0,1,1,0,0,0,0,1,0,0,1,0,0,0,0,0,0,0,1,0,0,"increased","simplified","d249Hipertension.txt",72,7,142,0,0,1,0,0.75
"328","A7MMR8ZRJR4SB",1,0,0,0,1,0,0,0,1,0,0,0,1,0,0,1,0,0,0,0,0,0,0,0,1,0,"regular","original","d228Hipertension.txt",131,8,276,1,1,0,0,1
"329","A7MMR8ZRJR4SB",1,0,0,0,1,0,0,0,1,0,0,0,1,0,0,1,0,0,0,0,0,0,0,0,1,0,"regular","original","d276Influenza.txt",141,5,250,1,0,0,1,NA
"330","AEN7H01OU26XL",1,0,0,0,0,0,1,1,0,0,0,0,1,0,0,1,0,0,0,0,0,0,0,1,0,0,"increased","simplified","d243Hipertension.txt",96,6,361,1,0,1,0,1
"331","AEN7H01OU26XL",1,0,0,0,0,0,1,1,0,0,0,0,1,0,0,1,0,0,0,0,0,0,0,1,0,0,"regular","original","d228Hipertension.txt",131,14,358,1,1,1,0,1
"332","AEN7H01OU26XL",1,0,0,0,0,0,1,1,0,0,0,0,1,0,0,1,0,0,0,0,0,0,0,1,0,0,"regular","original","d144Cancer.txt",77,6,148,1,1,1,0,1
"333","AEN7H01OU26XL",1,0,0,0,0,0,1,1,0,0,0,0,1,0,0,1,0,0,0,0,0,0,0,1,0,0,"regular","original","d45Asma.txt",99,6,311,1,1,1,1,1
"334","AEN7H01OU26XL",1,0,0,0,0,0,1,1,0,0,0,0,1,0,0,1,0,0,0,0,0,0,0,1,0,0,"regular","original","d250Hipertension.txt",73,7,275,1,1,1,1,1
"335","AEN7H01OU26XL",1,0,0,0,0,0,1,1,0,0,0,0,1,0,0,1,0,0,0,0,0,0,0,1,0,0,"increased","simplified","d45Asma.txt",100,14,197,1,1,1,1,1
"336","AEN7H01OU26XL",1,0,0,0,0,0,1,1,0,0,0,0,1,0,0,1,0,0,0,0,0,0,0,1,0,0,"increased","simplified","d228Hipertension.txt",132,7,413,0,1,1,0,1
"337","AEN7H01OU26XL",1,0,0,0,0,0,1,1,0,0,0,0,1,0,0,1,0,0,0,0,0,0,0,1,0,0,"regular","original","d335Leucemia.txt",104,12,296,1,1,0,1,0.75
"338","AEN7H01OU26XL",1,0,0,0,0,0,1,1,0,0,0,0,1,0,0,1,0,0,0,0,0,0,0,1,0,0,"regular","original","D88Diabetes.txt",102,8,295,1,1,1,1,1
"339","AEN7H01OU26XL",1,0,0,0,0,0,1,1,0,0,0,0,1,0,0,1,0,0,0,0,0,0,0,1,0,0,"increased","simplified","d249Hipertension.txt",72,7,670,0,1,1,0,0.75
"340","AEN7H01OU26XL",1,0,0,0,0,0,1,1,0,0,0,0,1,0,0,1,0,0,0,0,0,0,0,1,0,0,"increased","simplified","d328Leucemia.txt",133,12,348,1,1,0,1,0.5
"341","AEN7H01OU26XL",1,0,0,0,0,0,1,1,0,0,0,0,1,0,0,1,0,0,0,0,0,0,0,1,0,0,"increased","simplified","d133Cancer.txt",142,9,454,1,0,0,0,0.25
"342","AEN7H01OU26XL",1,0,0,0,0,0,1,1,0,0,0,0,1,0,0,1,0,0,0,0,0,0,0,1,0,0,"regular","original","d133Cancer.txt",141,8,461,1,1,1,0,0.75
"343","AEN7H01OU26XL",1,0,0,0,0,0,1,1,0,0,0,0,1,0,0,1,0,0,0,0,0,0,0,1,0,0,"regular","original","d276Influenza.txt",141,4,142,0,0,1,1,0.75
"344","AEN7H01OU26XL",1,0,0,0,0,0,1,1,0,0,0,0,1,0,0,1,0,0,0,0,0,0,0,1,0,0,"regular","original","d243Hipertension.txt",96,9,294,1,0,1,0,1
"345","AEN7H01OU26XL",1,0,0,0,0,0,1,1,0,0,0,0,1,0,0,1,0,0,0,0,0,0,0,1,0,0,"regular","original","d249Hipertension.txt",72,10,247,1,1,1,1,1
"346","AEN7H01OU26XL",1,0,0,0,0,0,1,1,0,0,0,0,1,0,0,1,0,0,0,0,0,0,0,1,0,0,"increased","simplified","d335Leucemia.txt",104,9,512,1,1,0,1,0.75
"347","AEN7H01OU26XL",1,0,0,0,0,0,1,1,0,0,0,0,1,0,0,1,0,0,0,0,0,0,0,1,0,0,"increased","simplified","d245Hipertension.txt",90,9,177,0,1,1,1,0.75
"348","AEN7H01OU26XL",1,0,0,0,0,0,1,1,0,0,0,0,1,0,0,1,0,0,0,0,0,0,0,1,0,0,"regular","original","d245Hipertension.txt",90,13,258,1,0,1,1,1
"349","AEN7H01OU26XL",1,0,0,0,0,0,1,1,0,0,0,0,1,0,0,1,0,0,0,0,0,0,0,1,0,0,"regular","original","d328Leucemia.txt",134,9,332,1,0,0,1,0.75
"350","AEN7H01OU26XL",1,0,0,0,0,0,1,1,0,0,0,0,1,0,0,1,0,0,0,0,0,0,0,1,0,0,"increased","simplified","D223Hipertension.txt",67,6,276,1,1,1,1,0.5
"351","AEN7H01OU26XL",1,0,0,0,0,0,1,1,0,0,0,0,1,0,0,1,0,0,0,0,0,0,0,1,0,0,"increased","simplified","d174Hepatitis.txt",109,6,283,1,1,1,1,0.25
"352","AEN7H01OU26XL",1,0,0,0,0,0,1,1,0,0,0,0,1,0,0,1,0,0,0,0,0,0,0,1,0,0,"regular","original","D223Hipertension.txt",67,9,323,1,0,1,1,0.25
"353","AEN7H01OU26XL",1,0,0,0,0,0,1,1,0,0,0,0,1,0,0,1,0,0,0,0,0,0,0,1,0,0,"regular","original","d174Hepatitis.txt",109,6,431,1,1,1,0,0.25
"354","AEN7H01OU26XL",1,0,0,0,0,0,1,1,0,0,0,0,1,0,0,1,0,0,0,0,0,0,0,1,0,0,"increased","simplified","d47Diabetes.txt",58,15,327,1,1,1,1,1
"355","AEN7H01OU26XL",1,0,0,0,0,0,1,1,0,0,0,0,1,0,0,1,0,0,0,0,0,0,0,1,0,0,"increased","simplified","D88Diabetes.txt",102,10,226,1,1,0,1,1
"356","AEN7H01OU26XL",1,0,0,0,0,0,1,1,0,0,0,0,1,0,0,1,0,0,0,0,0,0,0,1,0,0,"regular","original","d47Diabetes.txt",57,11,118,1,1,1,1,1
"357","AEN7H01OU26XL",1,0,0,0,0,0,1,1,0,0,0,0,1,0,0,1,0,0,0,0,0,0,0,1,0,0,"increased","simplified","d276Influenza.txt",139,10,279,1,1,1,1,1
"358","AEN7H01OU26XL",1,0,0,0,0,0,1,1,0,0,0,0,1,0,0,1,0,0,0,0,0,0,0,1,0,0,"increased","simplified","d144Cancer.txt",77,6,238,1,1,1,0,1
"359","AEN7H01OU26XL",1,0,0,0,0,0,1,1,0,0,0,0,1,0,0,1,0,0,0,0,0,0,0,1,0,0,"increased","simplified","d250Hipertension.txt",73,6,309,1,1,1,1,0.75
"360","AGTO8AEQL9TN5",0,1,0,0,0,0,1,0,1,0,0,0,1,0,0,1,0,0,0,0,0,1,0,0,0,0,"regular","original","d245Hipertension.txt",90,5,111,1,0,1,0,0.5
"361","AHB3QFZSFN9DL",1,0,0,0,0,0,1,0,1,0,0,0,1,0,0,0,0,0,1,0,0,0,1,0,0,0,"increased","simplified","d335Leucemia.txt",104,8,855,0,1,1,1,0.25
"362","AIW59TF1Y6FCR",0,1,0,0,0,0,1,0,1,0,0,0,0,1,0,1,0,0,0,0,0,0,1,0,0,0,"increased","simplified","d276Influenza.txt",139,6,112,0,1,1,1,0.75
"363","AIW59TF1Y6FCR",0,1,0,0,0,0,1,0,1,0,0,0,0,1,0,1,0,0,0,0,0,0,1,0,0,0,"increased","simplified","d228Hipertension.txt",132,10,164,0,0,1,1,0.5
"364","AIW59TF1Y6FCR",0,1,0,0,0,0,1,0,1,0,0,0,0,1,0,1,0,0,0,0,0,0,1,0,0,0,"increased","simplified","D88Diabetes.txt",102,7,43,0,1,0,0,0.75
"365","AIW59TF1Y6FCR",0,1,0,0,0,0,1,0,1,0,0,0,0,1,0,1,0,0,0,0,0,0,1,0,0,0,"increased","simplified","d328Leucemia.txt",133,8,124,1,0,0,0,0.75
"366","AIW59TF1Y6FCR",0,1,0,0,0,0,1,0,1,0,0,0,0,1,0,1,0,0,0,0,0,0,1,0,0,0,"increased","simplified","d45Asma.txt",100,10,75,0,1,1,1,0.75
"367","AIW59TF1Y6FCR",0,1,0,0,0,0,1,0,1,0,0,0,0,1,0,1,0,0,0,0,0,0,1,0,0,0,"increased","simplified","d133Cancer.txt",142,14,157,0,0,0,1,0.75
"368","AIW59TF1Y6FCR",0,1,0,0,0,0,1,0,1,0,0,0,0,1,0,1,0,0,0,0,0,0,1,0,0,0,"increased","simplified","d243Hipertension.txt",96,9,40,0,0,1,1,0.75
"369","AIW59TF1Y6FCR",0,1,0,0,0,0,1,0,1,0,0,0,0,1,0,1,0,0,0,0,0,0,1,0,0,0,"increased","simplified","D223Hipertension.txt",67,5,110,0,1,1,1,0.75
"370","AIW59TF1Y6FCR",0,1,0,0,0,0,1,0,1,0,0,0,0,1,0,1,0,0,0,0,0,0,1,0,0,0,"increased","simplified","d144Cancer.txt",77,7,76,0,0,0,1,0.75
"371","AIW59TF1Y6FCR",0,1,0,0,0,0,1,0,1,0,0,0,0,1,0,1,0,0,0,0,0,0,1,0,0,0,"increased","simplified","d174Hepatitis.txt",109,5,100,0,1,0,0,0.75
"372","AIW59TF1Y6FCR",0,1,0,0,0,0,1,0,1,0,0,0,0,1,0,1,0,0,0,0,0,0,1,0,0,0,"increased","simplified","d249Hipertension.txt",72,7,57,1,1,1,1,0.75
"373","AK1J2GLMFG73V",1,0,0,1,0,0,0,0,1,0,0,1,0,0,0,0,1,0,0,0,0,0,0,1,0,0,"regular","original","d335Leucemia.txt",104,9,369,1,0,0,0,0.75
"374","AK1J2GLMFG73V",1,0,0,1,0,0,0,0,1,0,0,1,0,0,0,0,1,0,0,0,0,0,0,1,0,0,"regular","original","d133Cancer.txt",141,9,281,1,1,1,0,0.5
"375","AK1J2GLMFG73V",1,0,0,1,0,0,0,0,1,0,0,1,0,0,0,0,1,0,0,0,0,0,0,1,0,0,"regular","original","d276Influenza.txt",141,8,313,0,0,0,1,0.75
"376","AK1J2GLMFG73V",1,0,0,1,0,0,0,0,1,0,0,1,0,0,0,0,1,0,0,0,0,0,0,1,0,0,"regular","original","D223Hipertension.txt",67,7,259,0,0,0,0,0.5
"377","AK1J2GLMFG73V",1,0,0,1,0,0,0,0,1,0,0,1,0,0,0,0,1,0,0,0,0,0,0,1,0,0,"regular","original","d250Hipertension.txt",73,6,270,1,1,1,1,0.5
"378","AK1J2GLMFG73V",1,0,0,1,0,0,0,0,1,0,0,1,0,0,0,0,1,0,0,0,0,0,0,1,0,0,"regular","original","d245Hipertension.txt",90,11,118,1,1,0,1,0.75
"379","AK1J2GLMFG73V",1,0,0,1,0,0,0,0,1,0,0,1,0,0,0,0,1,0,0,0,0,0,0,1,0,0,"regular","original","d144Cancer.txt",77,7,197,1,1,1,1,0.75
"380","AMJZMHVZQ30D1",0,1,0,0,0,0,1,1,0,0,1,0,0,0,0,0,0,1,0,0,0,0,0,0,1,0,"increased","simplified","d243Hipertension.txt",96,6,458,1,1,0,1,0.75
"381","AMJZMHVZQ30D1",0,1,0,0,0,0,1,1,0,0,1,0,0,0,0,0,0,1,0,0,0,0,0,0,1,0,"increased","simplified","d228Hipertension.txt",132,14,357,1,1,1,1,0.75
"382","AMJZMHVZQ30D1",0,1,0,0,0,0,1,1,0,0,1,0,0,0,0,0,0,1,0,0,0,0,0,0,1,0,"increased","simplified","d45Asma.txt",100,12,272,0,1,1,1,0.75
"383","AMJZMHVZQ30D1",0,1,0,0,0,0,1,1,0,0,1,0,0,0,0,0,0,1,0,0,0,0,0,0,1,0,"increased","simplified","D88Diabetes.txt",102,6,493,1,1,1,0,0.75
"384","AMJZMHVZQ30D1",0,1,0,0,0,0,1,1,0,0,1,0,0,0,0,0,0,1,0,0,0,0,0,0,1,0,"increased","simplified","d245Hipertension.txt",90,12,290,1,0,1,1,0.75
"385","AMJZMHVZQ30D1",0,1,0,0,0,0,1,1,0,0,1,0,0,0,0,0,0,1,0,0,0,0,0,0,1,0,"increased","simplified","d133Cancer.txt",142,16,443,1,0,0,0,0.75
"386","AMJZMHVZQ30D1",0,1,0,0,0,0,1,1,0,0,1,0,0,0,0,0,0,1,0,0,0,0,0,0,1,0,"increased","simplified","d47Diabetes.txt",58,11,533,1,1,1,1,0.75
"387","AMJZMHVZQ30D1",0,1,0,0,0,0,1,1,0,0,1,0,0,0,0,0,0,1,0,0,0,0,0,0,1,0,"increased","simplified","d144Cancer.txt",77,8,359,0,1,1,0,0.75
"388","AMJZMHVZQ30D1",0,1,0,0,0,0,1,1,0,0,1,0,0,0,0,0,0,1,0,0,0,0,0,0,1,0,"increased","simplified","d174Hepatitis.txt",109,15,661,0,1,1,0,0.25
"389","AMJZMHVZQ30D1",0,1,0,0,0,0,1,1,0,0,1,0,0,0,0,0,0,1,0,0,0,0,0,0,1,0,"increased","simplified","d276Influenza.txt",139,8,464,1,1,1,1,0.75
"390","AMJZMHVZQ30D1",0,1,0,0,0,0,1,1,0,0,1,0,0,0,0,0,0,1,0,0,0,0,0,0,1,0,"increased","simplified","d249Hipertension.txt",72,10,335,0,1,1,1,0.75
"391","AMJZMHVZQ30D1",0,1,0,0,0,0,1,1,0,0,1,0,0,0,0,0,0,1,0,0,0,0,0,0,1,0,"increased","simplified","D223Hipertension.txt",67,13,344,0,1,1,1,0.75
"392","AMJZMHVZQ30D1",0,1,0,0,0,0,1,1,0,0,1,0,0,0,0,0,0,1,0,0,0,0,0,0,1,0,"increased","simplified","d328Leucemia.txt",133,12,356,1,0,0,1,NA
"393","AMJZMHVZQ30D1",0,1,0,0,0,0,1,1,0,0,1,0,0,0,0,0,0,1,0,0,0,0,0,0,1,0,"increased","simplified","d250Hipertension.txt",73,7,234,1,1,1,1,0.75
"394","AMSBXF800DAIT",1,0,0,0,0,0,1,1,0,0,0,0,1,0,0,0,1,0,0,0,0,0,0,0,1,0,"increased","simplified","d335Leucemia.txt",104,11,33,1,1,1,1,0.5
"395","APHCV9YDD31Q8",1,0,0,0,0,0,1,1,0,0,0,0,1,0,0,1,0,0,0,0,0,0,1,0,0,0,"increased","simplified","D223Hipertension.txt",67,7,92,1,1,1,1,0.25
"396","APO6KZZ79PO9Q",0,1,0,0,0,0,1,1,0,0,0,0,0,1,0,0,1,0,0,0,0,0,0,0,0,1,"increased","simplified","d174Hepatitis.txt",109,11,335,1,1,1,0,0.5
"397","APO6KZZ79PO9Q",0,1,0,0,0,0,1,1,0,0,0,0,0,1,0,0,1,0,0,0,0,0,0,0,0,1,"increased","simplified","d228Hipertension.txt",132,9,256,1,1,1,1,1
"398","APO6KZZ79PO9Q",0,1,0,0,0,0,1,1,0,0,0,0,0,1,0,0,1,0,0,0,0,0,0,0,0,1,"increased","simplified","d328Leucemia.txt",133,9,202,1,1,0,1,0.75
"399","APO6KZZ79PO9Q",0,1,0,0,0,0,1,1,0,0,0,0,0,1,0,0,1,0,0,0,0,0,0,0,0,1,"increased","simplified","d144Cancer.txt",77,11,149,1,1,0,1,1
"400","APO6KZZ79PO9Q",0,1,0,0,0,0,1,1,0,0,0,0,0,1,0,0,1,0,0,0,0,0,0,0,0,1,"increased","simplified","d250Hipertension.txt",73,7,216,1,1,1,1,0.75
"401","APO6KZZ79PO9Q",0,1,0,0,0,0,1,1,0,0,0,0,0,1,0,0,1,0,0,0,0,0,0,0,0,1,"increased","simplified","d245Hipertension.txt",90,12,205,1,1,1,1,1
"402","APO6KZZ79PO9Q",0,1,0,0,0,0,1,1,0,0,0,0,0,1,0,0,1,0,0,0,0,0,0,0,0,1,"increased","simplified","d249Hipertension.txt",72,11,297,1,0,1,1,0.75
"403","APO6KZZ79PO9Q",0,1,0,0,0,0,1,1,0,0,0,0,0,1,0,0,1,0,0,0,0,0,0,0,0,1,"increased","simplified","d45Asma.txt",100,11,280,1,1,1,1,1
"404","APO6KZZ79PO9Q",0,1,0,0,0,0,1,1,0,0,0,0,0,1,0,0,1,0,0,0,0,0,0,0,0,1,"increased","simplified","d47Diabetes.txt",58,14,189,1,0,0,1,1
"405","APO6KZZ79PO9Q",0,1,0,0,0,0,1,1,0,0,0,0,0,1,0,0,1,0,0,0,0,0,0,0,0,1,"increased","simplified","d276Influenza.txt",139,12,34,1,1,1,0,NA
"406","APO6KZZ79PO9Q",0,1,0,0,0,0,1,1,0,0,0,0,0,1,0,0,1,0,0,0,0,0,0,0,0,1,"increased","simplified","D223Hipertension.txt",67,14,236,0,1,1,1,1
"407","APO6KZZ79PO9Q",0,1,0,0,0,0,1,1,0,0,0,0,0,1,0,0,1,0,0,0,0,0,0,0,0,1,"increased","simplified","D88Diabetes.txt",102,9,282,1,1,0,0,0.75
"408","APO6KZZ79PO9Q",0,1,0,0,0,0,1,1,0,0,0,0,0,1,0,0,1,0,0,0,0,0,0,0,0,1,"increased","simplified","d243Hipertension.txt",96,8,269,0,1,1,0,1
"409","AWHGBMRHGO7RF",0,1,0,0,0,0,1,1,0,0,0,1,0,0,0,0,1,0,0,0,0,0,0,0,1,0,"increased","simplified","d276Influenza.txt",139,8,359,0,0,0,0,0.75
